season,round,pick,pfr_player_name,position,category,team,w_av
1994,1,1,Dan Wilkinson,DT,DL,CIN,60
1994,1,2,Marshall Faulk,RB,RB,IND,132
1994,1,3,Heath Shuler,QB,QB,WAS,6
1994,1,4,Willie McGinest,DE,DL,NWE,76
1994,1,5,Trev Alberts,LB,LB,IND,4
1994,1,6,Trent Dilfer,QB,QB,TAM,51
1994,1,7,Bryant Young,DT,DL,SFO,88
1994,1,8,Sam Adams,DT,DL,SEA,77
1994,1,9,Antonio Langham,DB,DB,CLE,29
1994,1,10,Jamir Miller,LB,LB,ARI,44
1994,1,11,John Thierry,DE,DL,CHI,33
1994,1,12,Aaron Glenn,DB,DB,NYJ,71
1994,1,13,Joe Johnson,DE,DL,NOR,50
1994,1,14,Bernard Williams,T,OL,PHI,8
1994,1,15,Wayne Gandy,T,OL,RAM,68
1994,1,16,Aaron Taylor,G,OL,GNB,34
1994,1,17,Charles Johnson,WR,WR,PIT,39
1994,1,18,Dewayne Washington,DB,DB,MIN,63
1994,1,19,Todd Steussie,T,OL,MIN,75
1994,1,20,Tim Bowens,DT,DL,MIA,63
1994,1,21,Johnnie Morton,WR,WR,DET,69
1994,1,22,Rob Fredrickson,LB,LB,RAI,42
1994,1,23,Shante Carver,DE,DL,DAL,13
1994,1,24,Thomas Lewis,WR,WR,NYG,9
1994,1,25,Greg Hill,RB,RB,KAN,24
1994,1,26,Henry Ford,DT,DL,HOU,38
1994,1,27,Jeff Burris,DB,DB,BUF,43
1994,1,28,William Floyd,FB,RB,SFO,22
1994,1,29,Derrick Alexander,WR,WR,CLE,56
1994,2,30,Darnay Scott,WR,WR,CIN,47
1994,2,31,Tre' Johnson,G,OL,WAS,41
1994,2,32,Eric Mahlum,G,OL,IND,11
1994,2,33,Isaac Bruce,WR,WR,RAM,101
1994,2,34,Errict Rhett,RB,RB,TAM,26
1994,2,35,Kevin Lee,WR,WR,NWE,1
1994,2,36,Kevin Mawae,C,OL,SEA,108
1994,2,37,Bruce Walker,NT,DL,PHI,3
1994,2,38,Chuck Levy,RB,RB,ARI,3
1994,2,39,Marcus Spears,T,OL,CHI,15
1994,2,40,David Palmer,WR,WR,MIN,9
1994,2,41,Ryan Yarborough,WR,WR,NYJ,2
1994,2,42,Charlie Garner,RB,RB,PHI,71
1994,2,43,Isaac Davis,G,OL,SDG,14
1994,2,44,Mario Bates,RB,RB,NOR,21
1994,2,45,Bert Emanuel,WR,WR,ATL,39
1994,2,46,Larry Allen,G,OL,DAL,101
1994,2,47,Thomas Randolph,DB,DB,NYG,17
1994,2,48,Bucky Brooks,DB,DB,BUF,1
1994,2,49,Toby Wright,DB,DB,RAM,17
1994,2,50,Brentson Buckner,DT,DL,PIT,51
1994,2,51,Allen Aldridge,LB,LB,DEN,40
1994,2,52,James Folston,LB,LB,RAI,8
1994,2,53,Kevin Mitchell,LB,LB,SFO,18
1994,2,54,Aubrey Beavers,LB,LB,MIA,7
1994,2,55,Fernando Smith,DE,DL,MIN,21
1994,2,56,Brad Ottis,DE,DL,RAM,11
1994,2,57,Van Malone,DB,DB,DET,9
1994,2,58,Donnell Bennett,RB,RB,KAN,14
1994,2,59,Jason Sehorn,DB,DB,NYG,37
1994,2,60,Jeremy Nunley,DE,DL,HOU,1
1994,2,61,Lonnie Johnson,TE,TE,BUF,13
1994,2,62,Tyronne Drakeford,DB,DB,SFO,20
1994,2,63,Vaughn Parker,T,OL,SDG,38
1994,2,64,Sam Rogers,LB,LB,BUF,44
1994,2,65,Tim Ruddy,C,OL,MIA,61
1994,3,66,Jeff Cothran,FB,RB,CIN,3
1994,3,67,Jason Mathews,T,OL,IND,26
1994,3,68,Tydus Winans,WR,WR,WAS,4
1994,3,69,Harold Bishop,TE,TE,TAM,1
1994,3,70,Andre Coleman,WR,WR,SDG,10
1994,3,71,Keith Lyle,DB,DB,RAM,36
1994,3,72,Anthony Phillips,DB,DB,ATL,2
1994,3,73,Lamar Smith,RB,RB,SEA,33
1994,3,74,Jim Flanigan,DT,DL,CHI,46
1994,3,75,Romeo Bandison,DT,DL,CLE,1
1994,3,76,Rich Braham,C,OL,ARI,55
1994,3,77,Joe Panos,G,OL,PHI,27
1994,3,78,Ervin Collier,DT,DL,NWE,NA
1994,3,79,Winfred Tubbs,LB,LB,NOR,41
1994,3,80,Calvin Jones,RB,RB,RAI,1
1994,3,81,Marlo Perry,LB,LB,BUF,12
1994,3,82,Willie Clark,DB,DB,SDG,8
1994,3,83,James Bostic,RB,RB,RAM,0
1994,3,84,LeShon Johnson,RB,RB,GNB,12
1994,3,85,Doug Brien,K,K,SFO,28
1994,3,86,Steve Shine,LB,LB,CIN,NA
1994,3,87,Cory Fleming,WR,WR,SFO,1
1994,3,88,Jason Gildon,LB,LB,PIT,75
1994,3,89,Eric England,DE,DL,ARI,3
1994,3,90,Joe Burch,C,OL,NWE,NA
1994,3,91,Bam Morris,RB,RB,PIT,28
1994,3,92,Lake Dawson,WR,WR,KAN,12
1994,3,93,Shane Bonham,DT,DL,DET,6
1994,3,94,Lou Benfatti,DT,DL,NYJ,1
1994,3,95,Gary Downs,RB,RB,NYG,2
1994,3,96,Chris Penn,WR,WR,KAN,15
1994,3,97,Joe Patton,T,OL,WAS,25
1994,3,98,Corey Louchiey,T,OL,BUF,8
1994,3,99,Alai Kalaniuvalu,G,OL,ATL,NA
1994,3,100,Ernest Jones,DT,DL,RAM,2
1994,3,101,Malcolm Floyd,WR,WR,HOU,2
1994,3,102,George Hegamin,T,OL,DAL,10
1994,3,103,Eric Zomalt,DB,DB,PHI,4
1994,4,104,Corey Sawyer,DB,DB,CIN,11
1994,4,105,Kurt Haws,TE,TE,WAS,0
1994,4,106,Bradford Banta,TE,TE,IND,0
1994,4,107,Perry Carter,DB,DB,ARI,3
1994,4,108,Chris Brantley,WR,WR,RAM,0
1994,4,109,Willie Jackson,WR,WR,DAL,30
1994,4,110,Larry Whigham,DB,DB,SEA,15
1994,4,111,Perry Klein,QB,QB,ATL,0
1994,4,112,Ronnie Woolfork,LB,LB,MIA,NA
1994,4,113,John Reece,DB,DB,ARI,0
1994,4,114,Raymont Harris,RB,RB,CHI,21
1994,4,115,Terry Irving,LB,LB,ARI,10
1994,4,116,Doug Nussmeier,QB,QB,NOR,2
1994,4,117,Orlando Parker,WR,WR,NYJ,0
1994,4,118,Mitch Davis,LB,LB,ATL,NA
1994,4,119,Mike Davis,DB,DB,HOU,1
1994,4,120,Austin Robbins,DT,DL,RAI,10
1994,4,121,John Burke,TE,TE,NWE,2
1994,4,122,Ta'ase Faumui,DE,DL,PIT,0
1994,4,123,Randy Fuller,DB,DB,DEN,6
1994,4,124,Vaughn Bryant,DB,DB,DET,NA
1994,4,125,Mike Wells,DT,DL,MIN,31
1994,4,126,Gabe Wilkins,DE,DL,GNB,22
1994,4,127,Bracy Walker,DB,DB,KAN,25
1994,4,128,Chris Maumalanga,DT,DL,NYG,1
1994,4,129,Sean Jackson,RB,RB,HOU,NA
1994,4,130,Sean Crocker,DB,DB,BUF,NA
1994,4,131,DeWayne Dotson,LB,LB,DAL,2
1994,5,132,Trent Pollard,T,OL,CIN,2
1994,5,133,John Covington,DB,DB,IND,0
1994,5,134,Shelly Hammonds,DB,DB,MIN,0
1994,5,135,Pat O'Neill,P,P,NWE,2
1994,5,136,Pete Pierson,T,OL,TAM,14
1994,5,137,Aaron Laing,TE,TE,SDG,1
1994,5,138,Harrison Houston,WR,WR,ATL,NA
1994,5,139,Anthony Redmon,G,OL,ARI,27
1994,5,140,Myron Bell,DB,DB,PIT,19
1994,5,141,Issac Booth,DB,DB,CLE,4
1994,5,142,Herman Carroll,DE,DL,NOR,0
1994,5,143,Craig Novitsky,G,OL,NOR,7
1994,5,144,Marvin Goodwin,DB,DB,PHI,NA
1994,5,145,Rodney Harrison,DB,DB,SDG,69
1994,5,146,Terry Mickens,WR,WR,GNB,8
1994,5,147,William Gaines,DT,DL,MIA,12
1994,5,148,Gary Brown,T,OL,PIT,5
1994,5,149,Dorsey Levens,RB,RB,GNB,54
1994,5,150,Darren Krein,DE,DL,SDG,NA
1994,5,151,James Burton,DB,DB,KAN,5
1994,5,152,Horace Morris,LB,LB,NYJ,NA
1994,5,153,Tony Peterson,LB,LB,SFO,5
1994,5,154,Tony Semple,G,OL,DET,22
1994,5,155,Chad Bratzke,DE,DL,NYG,48
1994,5,156,Rob Waldrop,DT,DL,KAN,0
1994,5,157,Roderick Lewis,TE,TE,HOU,2
1994,5,158,A.J. Ofodile,TE,TE,BUF,0
1994,5,159,Roosevelt Patterson,G,OL,RAI,NA
1994,5,160,Tony Vinson,RB,RB,SDG,0
1994,5,161,Jim Reid,T,OL,HOU,0
1994,6,162,Kimo von Oelhoffen,DE,DL,CIN,56
1994,6,163,Dexter Nottage,DE,DL,WAS,7
1994,6,164,Lamont Warren,RB,RB,IND,16
1994,6,165,Bernard Carter,LB,LB,TAM,0
1994,6,166,Steve Hawkins,WR,WR,NWE,0
1994,6,167,Rickey Brady,TE,TE,RAM,0
1994,6,168,Max Lane,T,OL,NWE,33
1994,6,169,Jay Kearney,WR,WR,GNB,NA
1994,6,170,Lloyd Hill,WR,WR,CHI,NA
1994,6,171,Robert Strait,RB,RB,CLE,NA
1994,6,172,Terry Samuels,TE,TE,ARI,0
1994,6,173,Fred Lester,RB,RB,NYJ,NA
1994,6,174,Ryan McCoy,LB,LB,PHI,NA
1994,6,175,Ruffin Hamilton,LB,LB,GNB,3
1994,6,176,Derrell Mitchell,WR,WR,NOR,0
1994,6,177,Brant Boyer,LB,LB,MIA,18
1994,6,178,Jim Miller,QB,QB,PIT,16
1994,6,179,Andrew Jordan,TE,TE,MIN,7
1994,6,180,Eric Ravotti,LB,LB,PIT,3
1994,6,181,Bill Schroeder,WR,WR,GNB,39
1994,6,182,Lee Woodall,LB,LB,SFO,44
1994,6,183,Jocelyn Borgella,DB,DB,DET,1
1994,6,184,Jerry Reynolds,T,OL,CIN,2
1994,6,185,Anthony Daigle,RB,RB,KAN,0
1994,6,186,Jason Winrow,G,OL,NYG,NA
1994,6,187,Lee Gissendaner,WR,WR,HOU,NA
1994,6,188,Anthony Abrams,DE,DL,BUF,NA
1994,6,189,Ronald Edwards,T,OL,RAM,NA
1994,6,190,Paul Duckworth,LB,LB,GNB,NA
1994,6,191,Darren Studstill,DB,DB,DAL,0
1994,6,192,Kevin Knox,WR,WR,BUF,0
1994,6,193,Mitch Berger,P,P,PHI,21
1994,6,194,Barron Wortham,LB,LB,HOU,29
1994,7,195,Ramondo Stallings,DE,DL,CIN,4
1994,7,196,Lance Teichelman,DE,DL,IND,0
1994,7,197,Gus Frerotte,QB,QB,WAS,57
1994,7,198,Jay Walker,QB,QB,NWE,0
1994,7,199,Steve Matthews,QB,QB,KAN,1
1994,7,200,Jim Pyne,G,OL,TAM,26
1994,7,201,Jamal Anderson,RB,RB,ATL,49
1994,7,202,Carlester Crumpler,TE,TE,SEA,7
1994,7,203,Andre Hewitt,T,OL,CLE,NA
1994,7,204,Frank Harvey,RB,RB,ARI,0
1994,7,205,Dennis Collier,DB,DB,CHI,NA
1994,7,206,Mark Montgomery,RB,RB,PHI,NA
1994,7,207,Zane Beehn,LB,LB,SDG,NA
1994,7,208,Glenn Foley,QB,QB,NYJ,8
1994,7,209,Brice Abrams,RB,RB,PIT,NA
1994,7,210,Keith Burns,LB,LB,DEN,13
1994,7,211,Pete Bercich,LB,LB,MIN,5
1994,7,212,Butler By'not'e,RB,RB,DEN,0
1994,7,213,Lance Lundberg,T,OL,NOR,NA
1994,7,214,Sean Hill,DB,DB,MIA,5
1994,7,215,Tom Beer,LB,LB,DET,2
1994,7,216,Toddrick McIntosh,DE,DL,DAL,1
1994,7,217,Rob Holmberg,LB,LB,RAI,9
1994,7,218,Tom Nalen,C,OL,DEN,102
1994,7,219,Tracy Greene,TE,TE,KAN,1
1994,7,220,Lemanski Hall,LB,LB,HOU,12
1994,7,221,Filmel Johnson,DB,DB,BUF,0
1994,7,222,Marty Moore,LB,LB,NWE,13
1995,1,1,Ki-Jana Carter,RB,RB,CIN,11
1995,1,2,Tony Boselli,T,OL,JAX,66
1995,1,3,Steve McNair,QB,QB,HOU,99
1995,1,4,Michael Westbrook,WR,WR,WAS,38
1995,1,5,Kerry Collins,QB,QB,CAR,83
1995,1,6,Kevin Carter,DE,DL,STL,86
1995,1,7,Mike Mamula,DE,DL,PHI,31
1995,1,8,Joey Galloway,WR,WR,SEA,78
1995,1,9,Kyle Brady,TE,TE,NYJ,26
1995,1,10,J.J. Stokes,WR,WR,SFO,40
1995,1,11,Derrick Alexander,DE,DL,MIN,27
1995,1,12,Warren Sapp,DT,DL,TAM,117
1995,1,13,Mark Fields,LB,LB,NOR,53
1995,1,14,Ruben Brown,G,OL,BUF,78
1995,1,15,Ellis Johnson,DT,DL,IND,35
1995,1,16,Hugh Douglas,DE,DL,NYJ,68
1995,1,17,Tyrone Wheatley,RB,RB,NYG,39
1995,1,18,Napoleon Kaufman,RB,RB,OAK,39
1995,1,19,James Stewart,RB,RB,JAX,46
1995,1,20,Luther Elliss,DT,DL,DET,51
1995,1,21,Rashaan Salaam,RB,RB,CHI,13
1995,1,22,Tyrone Poole,DB,DB,CAR,43
1995,1,23,Ty Law,DB,DB,NWE,88
1995,1,24,Korey Stringer,T,OL,MIN,45
1995,1,25,Billy Milner,T,OL,MIA,7
1995,1,26,Devin Bush Sr.,DB,DB,ATL,27
1995,1,27,Mark Bruener,TE,TE,PIT,10
1995,1,28,Derrick Brooks,LB,LB,TAM,142
1995,1,29,Blake Brockermeyer,T,OL,CAR,40
1995,1,30,Craig Powell,LB,LB,CLE,0
1995,1,31,Trezelle Jenkins,T,OL,KAN,1
1995,1,32,Craig Newsome,DB,DB,GNB,18
1995,2,33,Matt O'Dwyer,G,OL,NYJ,41
1995,2,34,Terrance Shaw,DB,DB,SDG,32
1995,2,35,Anthony Cook,DE,DL,HOU,20
1995,2,36,Shawn King,DE,DL,CAR,10
1995,2,37,Cory Raymer,C,OL,WAS,35
1995,2,38,Zach Wiegert,G,OL,STL,49
1995,2,39,Christian Fauria,TE,TE,SEA,17
1995,2,40,Brian DeMarco,G,OL,JAX,22
1995,2,41,Ron Davis,DB,DB,ATL,2
1995,2,42,Orlando Thomas,DB,DB,MIN,32
1995,2,43,Melvin Johnson,DB,DB,TAM,13
1995,2,44,Ray Zellars,RB,RB,NOR,10
1995,2,45,Todd Collins,QB,QB,BUF,11
1995,2,46,Sherman Williams,RB,RB,DAL,10
1995,2,47,Frank Sanders,WR,WR,ARI,44
1995,2,48,Ken Dilger,TE,TE,IND,35
1995,2,49,Barret Robbins,C,OL,OAK,54
1995,2,50,Bobby Taylor,DB,DB,PHI,52
1995,2,51,Terrell Fletcher,RB,RB,SDG,22
1995,2,52,Pat Riley,DE,DL,CHI,0
1995,2,53,Andrew Greene,G,OL,MIA,1
1995,2,54,Scott Gragg,T,OL,NYG,57
1995,2,55,Corey Fuller,DB,DB,MIN,38
1995,2,56,Todd Sauerbrun,P,P,CHI,25
1995,2,57,Ted Johnson,LB,LB,NWE,45
1995,2,58,Barrett Brooks,T,OL,PHI,28
1995,2,59,Kendell Watkins,TE,TE,DAL,0
1995,2,60,Kordell Stewart,QB,QB,PIT,60
1995,2,61,Jimmy Oliver,WR,WR,SDG,NA
1995,2,62,Jesse James,C,OL,STL,0
1995,2,63,Shane Hannah,G,OL,DAL,NA
1995,2,64,Bryan Schwartz,LB,LB,JAX,19
1995,3,65,Darius Holland,DT,DL,GNB,18
1995,3,66,William Henderson,FB,RB,GNB,23
1995,3,67,Chris Sanders,WR,WR,HOU,29
1995,3,68,Darryl Pounds,DB,DB,WAS,9
1995,3,69,Melvin Tuten,T,OL,CIN,11
1995,3,70,David Sloan,TE,TE,DET,18
1995,3,71,Chris Hudson,DB,DB,JAX,27
1995,3,72,Greg Jefferson,DE,DL,PHI,19
1995,3,73,Brian Williams,LB,LB,GNB,32
1995,3,74,Curtis Martin,RB,RB,NWE,102
1995,3,75,Mike Verstegen,G,OL,NOR,5
1995,3,76,Marlon Kerner,DB,DB,BUF,6
1995,3,77,Lorenzo Styles,LB,LB,ATL,6
1995,3,78,Chris Jones,WR,WR,PHI,10
1995,3,79,Zack Crockett,FB,RB,IND,13
1995,3,80,Stoney Case,QB,QB,ARI,4
1995,3,81,Tamarick Vanover,WR,WR,KAN,12
1995,3,82,Steve McLaughlin,K,K,STL,-1
1995,3,83,Sean Harris,LB,LB,CHI,20
1995,3,84,Eric Zeier,QB,QB,CLE,5
1995,3,85,Rodney Young,DB,DB,NYG,3
1995,3,86,Joe Aska,RB,RB,OAK,3
1995,3,87,Evan Pilgrim,G,OL,CHI,5
1995,3,88,Jimmy Hitchcock,DB,DB,NWE,28
1995,3,89,Rodney Thomas,RB,RB,HOU,17
1995,3,90,Antonio Freeman,WR,WR,GNB,65
1995,3,91,Brenden Stai,G,OL,PIT,38
1995,3,92,Charlie Williams,DB,DB,DAL,8
1995,3,93,Don Sasa,DT,DL,SDG,1
1995,3,94,Mike Frederick,DE,DL,CLE,7
1995,3,95,Torey Hunter,DB,DB,HOU,1
1995,3,96,Damien Covington,LB,LB,BUF,7
1995,3,97,Troy Dumas,LB,LB,KAN,1
1995,3,98,Preston Harrison,LB,LB,SDG,NA
1995,4,99,Rob Johnson,QB,QB,JAX,21
1995,4,100,Chris Cowart,LB,LB,SDG,NA
1995,4,101,Michael Roan,TE,TE,HOU,4
1995,4,102,Sam Shade,DB,DB,CIN,30
1995,4,103,Larry Jones,RB,RB,WAS,NA
1995,4,104,Aaron Hayden,RB,RB,SDG,5
1995,4,105,Jerry Wilson,DB,DB,TAM,19
1995,4,106,Melvin Hayes,T,OL,NYJ,0
1995,4,107,Tyrone Davis,TE,TE,NYJ,8
1995,4,108,Dameian Jeffries,DE,DL,NOR,0
1995,4,109,Ken Irvin,DB,DB,BUF,31
1995,4,110,Eric Bjornson,TE,TE,DAL,10
1995,4,111,Chad May,QB,QB,MIN,NA
1995,4,112,Dave Wohlabaugh,C,OL,NWE,49
1995,4,113,Justin Armour,WR,WR,BUF,7
1995,4,114,Ray McElroy,DB,DB,IND,7
1995,4,115,Lovell Pinkney,TE,TE,STL,0
1995,4,116,Jack Jackson,WR,WR,CHI,0
1995,4,117,Jeff Miller,T,OL,GNB,NA
1995,4,118,Mike Morton,LB,LB,OAK,13
1995,4,119,Dave Barr,QB,QB,PHI,0
1995,4,120,Oliver Gibson,DT,DL,PIT,27
1995,4,121,Jamie Brown,T,OL,DEN,8
1995,4,122,Pete Mitchell,TE,TE,MIA,23
1995,4,123,Mike Thompson,DT,DL,JAX,3
1995,4,124,Ken Brown,LB,LB,DEN,0
1995,4,125,Donta Jones,LB,LB,PIT,10
1995,4,126,Jason Kyle,LB,LB,SEA,11
1995,4,127,Tim Hanshaw,G,OL,SFO,4
1995,4,128,Rob Zatechka,G,OL,NYG,5
1995,4,129,Alundis Brice,DB,DB,DAL,2
1995,4,130,Linc Harden,LB,LB,DAL,NA
1995,4,131,Tony Cline,TE,TE,BUF,2
1995,4,132,Frank Garcia,C,OL,CAR,39
1995,4,133,Ben Talley,LB,LB,NYG,1
1995,4,134,Steve Stenstrom,QB,QB,KAN,6
1995,5,135,Michael Senters,DB,DB,CAR,NA
1995,5,136,Tau Pupua,DT,DL,CLE,NA
1995,5,137,Jamie Asher,TE,TE,WAS,13
1995,5,138,Matt Dyson,LB,LB,OAK,0
1995,5,139,David Dunn,WR,WR,CIN,13
1995,5,140,Mike Scurlock,DB,DB,STL,5
1995,5,141,Stephen Boyd,LB,LB,DET,41
1995,5,142,Carl Greenwood,DB,DB,NYJ,2
1995,5,143,Clifton Abraham,DB,DB,TAM,0
1995,5,144,John Holecek,LB,LB,BUF,28
1995,5,145,Roell Preston,WR,WR,ATL,6
1995,5,146,Phil Yeboah-Kodie,LB,LB,DEN,0
1995,5,147,Mike Miller,WR,WR,CLE,NA
1995,5,148,William Strong,DB,DB,NOR,1
1995,5,149,Derek West,T,OL,IND,0
1995,5,150,Cedric Davis,DB,DB,ARI,NA
1995,5,151,Lee Flowers,DB,DB,PIT,35
1995,5,152,Rich Owens,DE,DL,WAS,28
1995,5,153,Roderick Mullen,DB,DB,NYG,4
1995,5,154,Jeff Kysar,T,OL,OAK,NA
1995,5,155,Mike Pelton,DT,DL,KAN,NA
1995,5,156,Kez McCorvey,WR,WR,DET,0
1995,5,157,James Stewart,RB,RB,MIN,1
1995,5,158,Norman Hand,DT,DL,MIA,36
1995,5,159,Gary Walker,DT,DL,HOU,63
1995,5,160,Jay Barker,QB,QB,GNB,NA
1995,5,161,Lance Brown,DB,DB,PIT,6
1995,5,162,'Omar Ellison,WR,WR,SDG,0
1995,5,163,Ronald Cherry,T,OL,DET,NA
1995,5,164,Jerrott Willard,LB,LB,KAN,0
1995,5,165,Lance Scott,C,OL,ARI,12
1995,5,166,Edward Hervey,WR,WR,DAL,NA
1995,5,167,Tito Paul,DB,DB,ARI,7
1995,5,168,Dana Howard,LB,LB,DAL,1
1995,5,169,Ryan Christopherson,RB,RB,JAX,0
1995,5,170,Travis Jervey,RB,RB,GNB,4
1995,5,171,Andrew Peterson,T,OL,CAR,1
1995,6,172,Marcus Price,T,OL,JAX,11
1995,6,173,Charlie Simmons,WR,WR,GNB,NA
1995,6,174,Hicham El-Mashtoub,C,OL,HOU,0
1995,6,175,Ryan Grigson,T,OL,CIN,NA
1995,6,176,Brian Thure,T,OL,WAS,0
1995,6,177,Troy Sienkiewicz,G,OL,SDG,2
1995,6,178,Eddie Mason,LB,LB,NYJ,7
1995,6,179,Wardell Rouse,LB,LB,TAM,1
1995,6,180,Henry McMillian,DT,DL,SEA,0
1995,6,181,Travis Hall,DT,DL,ATL,41
1995,6,182,Fritz Fequiere,G,OL,DEN,NA
1995,6,183,Brandon Harrison,WR,WR,SDG,NA
1995,6,184,Lee DeRamus,WR,WR,NOR,2
1995,6,185,Shannon Clavelle,DE,DL,BUF,1
1995,6,186,Kevin Hickman,TE,TE,DET,0
1995,6,187,Brian Gelzheiser,LB,LB,IND,NA
1995,6,188,Steve Strahan,DT,DL,CAR,NA
1995,6,189,John Solomon,LB,LB,MIN,NA
1995,6,190,Eli Herring,T,OL,OAK,NA
1995,6,191,Jerry Colquitt,QB,QB,CAR,NA
1995,6,192,Cory Schlesinger,FB,RB,DET,13
1995,6,193,Kenny Gales,DB,DB,CHI,NA
1995,6,194,Jeff Kopp,LB,LB,MIA,4
1995,6,195,Dino Philyaw,RB,RB,NWE,0
1995,6,196,Terrell Davis,RB,RB,DEN,73
1995,6,197,Craig Whelihan,QB,QB,SDG,1
1995,6,198,Carl Reeves,DE,DL,CHI,6
1995,6,199,Barron Miles,DB,DB,PIT,NA
1995,6,200,Tony Berti,T,OL,SDG,11
1995,6,201,Antonio Armstrong,LB,LB,SFO,0
1995,6,202,Bryan Proby,DT,DL,KAN,0
1995,6,203,Eddie Goines,WR,WR,SEA,NA
1995,6,204,Jamal Duff,DE,DL,NYG,7
1995,6,205,Anthony Bridges,DB,DB,ARI,NA
1995,6,206,Charles Way,RB,RB,NYG,15
1995,6,207,Tom Barndt,DT,DL,KAN,21
1995,6,208,Fred McCrary,FB,RB,PHI,6
1995,7,209,Chad Cota,DB,DB,CAR,34
1995,7,210,Kevin Bouie,RB,RB,PHI,0
1995,7,211,C.J. Richardson,DB,DB,HOU,1
1995,7,212,Billy Williams,WR,WR,ARI,0
1995,7,213,John Walsh,QB,QB,CIN,NA
1995,7,214,Gerald McBurrows,DB,DB,STL,19
1995,7,215,Steve Ingram,T,OL,TAM,1
1995,7,216,Keif Bryant,DE,DL,SEA,NA
1995,7,217,Curtis Ceaser,WR,WR,NYJ,0
1995,7,218,Steve Russ,LB,LB,DEN,2
1995,7,219,Curtis Marsh,WR,WR,JAX,1
1995,7,220,Herman O'Berry,DB,DB,STL,0
1995,7,221,Tom Nutten,G,OL,BUF,36
1995,7,222,Byron Chamberlain,TE,TE,DEN,17
1995,7,223,Jessie Cox,LB,LB,IND,NA
1995,7,224,Wesley Leasy,LB,LB,ARI,2
1995,7,225,Bryne Diehl,P,P,NYG,NA
1995,7,226,Scott Turner,DB,DB,WAS,9
1995,7,227,Jeff Rodgers,DE,DL,TAM,NA
1995,7,228,Hessley Hempstead,G,OL,DET,3
1995,7,229,Jamal Cox,LB,LB,CHI,NA
1995,7,230,Adam Timmerman,G,OL,GNB,78
1995,7,231,A.C. Tellison,WR,WR,CLE,NA
1995,7,232,Jose White,DT,DL,MIN,2
1995,7,233,Corey Swinson,DT,DL,MIA,NA
1995,7,234,Carlos Yancy,DB,DB,NWE,0
1995,7,235,Henry Bailey,WR,WR,PIT,0
1995,7,236,Oscar Sturgis,DE,DL,DAL,0
1995,7,237,Mark Montreuil,DB,DB,SDG,2
1995,7,238,Herbert Coleman,DE,DL,SFO,NA
1995,7,239,Bronzell Miller,DE,DL,STL,0
1995,7,240,J.T. Thomas,WR,WR,STL,2
1995,7,241,Chad Eaton,DT,DL,ARI,36
1995,7,242,Travis Davis,DB,DB,NOR,23
1995,7,243,Jason Fisk,DT,DL,MIN,47
1995,7,244,Darick Holmes,RB,RB,BUF,16
1995,7,245,John Burrough,DE,DL,ATL,11
1995,7,246,Shannon Myers,WR,WR,MIA,NA
1995,7,247,Cole Ford,K,K,PIT,4
1995,7,248,Howard Smothers,T,OL,PHI,NA
1995,7,249,Michael Reed,DB,DB,CAR,0
1996,1,1,Keyshawn Johnson,WR,WR,NYJ,79
1996,1,2,Kevin Hardy,LB,LB,JAX,62
1996,1,3,Simeon Rice,DE,DL,ARI,86
1996,1,4,Jonathan Ogden,T,OL,BAL,95
1996,1,5,Cedric Jones,DE,DL,NYG,20
1996,1,6,Lawrence Phillips,RB,RB,STL,11
1996,1,7,Terry Glenn,WR,WR,NWE,67
1996,1,8,Tim Biakabutuka,RB,RB,CAR,26
1996,1,9,Rickey Dudley,TE,TE,OAK,25
1996,1,10,Willie Anderson,T,OL,CIN,93
1996,1,11,Alex Molden,DB,DB,NOR,24
1996,1,12,Regan Upshaw,DE,DL,TAM,36
1996,1,13,Walt Harris,DB,DB,CHI,59
1996,1,14,Eddie George,RB,RB,HOU,76
1996,1,15,John Mobley,LB,LB,DEN,52
1996,1,16,Duane Clemons,DE,DL,MIN,39
1996,1,17,Reggie Brown,LB,LB,DET,11
1996,1,18,Eddie Kennison,WR,WR,STL,69
1996,1,19,Marvin Harrison,WR,WR,IND,123
1996,1,20,Daryl Gardener,DT,DL,MIA,42
1996,1,21,Pete Kendall,G,OL,SEA,63
1996,1,22,Marcus Jones,DE,DL,TAM,22
1996,1,23,Jeff Hartings,C,OL,DET,70
1996,1,24,Eric Moulds,WR,WR,BUF,78
1996,1,25,Jermane Mayberry,G,OL,PHI,46
1996,1,26,Ray Lewis,LB,LB,BAL,160
1996,1,27,John Michels,T,OL,GNB,9
1996,1,28,Jerome Woods,DB,DB,KAN,43
1996,1,29,Jamain Stephens,T,OL,PIT,7
1996,1,30,Andre Johnson,T,OL,WAS,0
1996,2,31,Alex Van Dyke,WR,WR,NYJ,2
1996,2,32,Leeland McElroy,RB,RB,ARI,5
1996,2,33,Tony Brackens,DE,DL,JAX,49
1996,2,34,Amani Toomer,WR,WR,NYG,69
1996,2,35,Mike Alstott,RB,RB,TAM,49
1996,2,36,Lawyer Milloy,DB,DB,NWE,78
1996,2,37,Kavika Pittman,DE,DL,DAL,34
1996,2,38,Bryant Mix,DE,DL,HOU,1
1996,2,39,Marco Battaglia,TE,TE,CIN,6
1996,2,40,Je'Rod Cherry,DB,DB,NOR,7
1996,2,41,Bryan Still,WR,WR,SDG,8
1996,2,42,Tony Banks,QB,QB,STL,43
1996,2,43,Muhsin Muhammad,WR,WR,CAR,83
1996,2,44,Tory James,DB,DB,DEN,40
1996,2,45,James Manley,DT,DL,MIN,0
1996,2,46,Israel Ifeanyi,DE,DL,SFO,0
1996,2,47,Fred Thomas,DB,DB,SEA,32
1996,2,48,Jason Layman,G,OL,HOU,11
1996,2,49,Randall Godfrey,LB,LB,DAL,68
1996,2,50,Patrick Sapp,LB,LB,SDG,9
1996,2,51,Dedric Mathis,DB,DB,IND,5
1996,2,52,Bobby Engram,WR,WR,CHI,54
1996,2,53,Gabe Northern,LB,LB,BUF,19
1996,2,54,Jason Dunn,TE,TE,PHI,7
1996,2,55,DeRon Jenkins,DB,DB,BAL,17
1996,2,56,Derrick Mayes,WR,WR,GNB,17
1996,2,57,Lance Johnstone,DE,DL,OAK,40
1996,2,58,Reggie Tongue,DB,DB,KAN,47
1996,2,59,Ernie Conwell,TE,TE,STL,17
1996,2,60,Michael Cheever,C,OL,JAX,5
1996,2,61,Brian Dawkins,DB,DB,PHI,104
1996,3,62,Ray Mickens,DB,DB,NYJ,21
1996,3,63,Aaron Beasley,DB,DB,JAX,43
1996,3,64,Johnny McWilliams,TE,TE,ARI,6
1996,3,65,Detron Smith,RB,RB,DEN,1
1996,3,66,Roman Oben,T,OL,NYG,47
1996,3,67,Clay Shiver,C,OL,DAL,14
1996,3,68,John Browning,DT,DL,KAN,39
1996,3,69,Ken Blackman,G,OL,CIN,17
1996,3,70,Brady Smith,DE,DL,NOR,40
1996,3,71,Donnie Abraham,DB,DB,TAM,52
1996,3,72,Steve Conley,LB,LB,PIT,2
1996,3,73,Winslow Oliver,RB,RB,CAR,6
1996,3,74,Terry Killens,LB,LB,HOU,8
1996,3,75,Moe Williams,RB,RB,MIN,29
1996,3,76,Ryan Stewart,DB,DB,DET,3
1996,3,77,Robert Barr,T,OL,SEA,NA
1996,3,78,Mark Campbell,DT,DL,DEN,0
1996,3,79,Dorian Brew,DB,DB,MIA,0
1996,3,80,Karim Abdul-Jabbar,RB,RB,MIA,24
1996,3,81,Brian Roche,TE,TE,SDG,1
1996,3,82,Scott Slutzker,TE,TE,IND,1
1996,3,83,Jerald Moore,RB,RB,STL,5
1996,3,84,Shannon Brown,DT,DL,ATL,NA
1996,3,85,Bobby Hoying,QB,QB,PHI,3
1996,3,86,Tedy Bruschi,LB,LB,NWE,70
1996,3,87,Matt Stevens,DB,DB,BUF,24
1996,3,88,J.C. Price,DT,DL,CAR,NA
1996,3,89,Terrell Owens,WR,WR,SFO,121
1996,3,90,Mike Flanagan,C,OL,GNB,40
1996,3,91,Reggie Brown,RB,RB,SEA,2
1996,3,92,Jon Witman,RB,RB,PIT,4
1996,3,93,Tyrone Williams,DB,DB,GNB,42
1996,3,94,Stepfret Williams,WR,WR,DAL,3
1996,3,95,Mike Ulufale,DT,DL,DAL,0
1996,4,96,Jason Odom,T,OL,TAM,17
1996,4,97,Hunter Goodwin,TE,TE,MIN,1
1996,4,98,Donnie Edwards,LB,LB,KAN,83
1996,4,99,Phillip Daniels,DE,DL,SEA,68
1996,4,100,Jeff Lewis,QB,QB,DEN,2
1996,4,101,Heath Irwin,G,OL,NWE,17
1996,4,102,Stephen Davis,RB,RB,WAS,56
1996,4,103,Ricky Whittle,RB,RB,NOR,1
1996,4,104,Eric Austin,DB,DB,TAM,0
1996,4,105,Percell Gaskins,LB,LB,STL,3
1996,4,106,Norbert Davidds-Garrido,T,OL,CAR,20
1996,4,107,Kendrick Burton,DE,DL,HOU,1
1996,4,108,Jevon Langford,DE,DL,CIN,8
1996,4,109,Jon Runyan,T,OL,HOU,79
1996,4,110,Reggie Barlow,WR,WR,JAX,8
1996,4,111,Emmanuel McDaniel,DB,DB,CAR,10
1996,4,112,Aaron Graham,C,OL,ARI,19
1996,4,113,Kirk Pointer,DB,DB,MIA,NA
1996,4,114,Charlie Jones,WR,WR,SDG,13
1996,4,115,Brian Milne,RB,RB,IND,3
1996,4,116,Paul Grasmanis,DT,DL,CHI,12
1996,4,117,Richard Huntley,RB,RB,ATL,15
1996,4,118,Stanley Pritchett,FB,RB,MIA,13
1996,4,119,Chris Sullivan,DE,DL,NWE,14
1996,4,120,Sean Moran,LB,LB,BUF,12
1996,4,121,Ray Farmer,LB,LB,PHI,9
1996,4,122,Darrius Johnson,DB,DB,DEN,6
1996,4,123,Chris Darkins,DB,DB,GNB,1
1996,4,124,Kantroy Barber,RB,RB,NWE,0
1996,4,125,LaCurtis Jones,LB,LB,MIA,1
1996,4,126,Earl Holmes,LB,LB,PIT,56
1996,4,127,Juran Bolden,DB,DB,ATL,14
1996,4,128,Daryl Price,DE,DL,SFO,1
1996,4,129,Brad Ford,DB,DB,DET,1
1996,4,130,Danny Kanell,QB,QB,NYG,14
1996,4,131,Eric Unverzagt,LB,LB,SEA,0
1996,4,132,Jahine Arnold,WR,WR,PIT,1
1996,5,133,Marcus Coleman,DB,DB,NYJ,41
1996,5,134,Jerris McPhail,RB,RB,MIA,7
1996,5,135,Joe Horn,WR,WR,KAN,70
1996,5,136,Mercury Hayes,WR,WR,NOR,1
1996,5,137,James Dexter,T,OL,ARI,15
1996,5,138,Leomont Evans,DB,DB,WAS,13
1996,5,139,John Elmore,G,OL,NWE,NA
1996,5,140,Jason Maniecki,DT,DL,TAM,1
1996,5,141,Fred Miller,T,OL,STL,62
1996,5,142,Marquette Smith,RB,RB,CAR,NA
1996,5,143,Rayna Stewart,DB,DB,HOU,10
1996,5,144,Greg Myers,DB,DB,CIN,14
1996,5,145,Tom Ackerman,G,OL,NOR,14
1996,5,146,Jimmy Herndon,T,OL,JAX,6
1996,5,147,Whit Marshall,LB,LB,PHI,1
1996,5,148,Sean Boyd,DB,DB,MIN,0
1996,5,149,Christian Peter,DT,DL,NWE,19
1996,5,150,Shane Burton,DE,DL,MIA,30
1996,5,151,Steve Martin,DT,DL,IND,26
1996,5,152,Chris Villarrial,G,OL,CHI,49
1996,5,153,Jermaine Lewis,WR,WR,BAL,22
1996,5,154,Zach Thomas,LB,LB,MIA,115
1996,5,155,Junior Soli,DT,DL,SDG,NA
1996,5,156,Raymond Jackson,DB,DB,BUF,5
1996,5,157,Kenneth McDaniel,T,OL,DAL,NA
1996,5,158,Kerwin Waldroup,DE,DL,DET,16
1996,5,159,Patrick Jeffers,WR,WR,DEN,17
1996,5,160,Iheanyi Uwaezuoke,WR,WR,SFO,5
1996,5,161,Harry Stamps,T,OL,ARI,NA
1996,5,162,Dell McGee,DB,DB,ARI,0
1996,5,163,Israel Raybon,DE,DL,PIT,1
1996,5,164,Gary Bandy,DE,DL,ATL,NA
1996,5,165,Terry Guess,WR,WR,NOR,0
1996,5,166,La'Roi Glover,DT,DL,OAK,89
1996,5,167,Alan Campos,LB,LB,DAL,1
1996,6,168,Hugh Hunter,DE,DL,NYJ,NA
1996,6,169,Mike Foley,DT,DL,ARI,NA
1996,6,170,John Fisher,DB,DB,JAX,NA
1996,6,171,Doug Colman,LB,LB,NYG,5
1996,6,172,Dexter Daniels,LB,LB,BAL,0
1996,6,173,Chris Griffin,TE,TE,NWE,NA
1996,6,174,Kelvin Kinney,DE,DL,WAS,6
1996,6,175,Derrick Harris,RB,RB,STL,1
1996,6,176,Dietrich Jells,WR,WR,KAN,1
1996,6,177,Anthony Dorsett,DB,DB,HOU,23
1996,6,178,Tom Tumulty,LB,LB,CIN,7
1996,6,179,Keno Hills,G,OL,NOR,3
1996,6,180,Nilo Silvan,WR,WR,TAM,0
1996,6,181,Tony Veland,DB,DB,DEN,3
1996,6,182,Scott Galyon,LB,LB,NYG,9
1996,6,183,Tim Hall,RB,RB,OAK,1
1996,6,184,Reggie Green,G,OL,SEA,NA
1996,6,185,Chris Doering,WR,WR,JAX,3
1996,6,186,James Roe,WR,WR,BAL,2
1996,6,187,Jon Clark,T,OL,CHI,0
1996,6,188,Craig Sauer,LB,LB,ATL,9
1996,6,189,Shawn Wooden,DB,DB,MIA,19
1996,6,190,Jim Mills,G,OL,SDG,0
1996,6,191,Keith Conlin,T,OL,IND,NA
1996,6,192,Bryan Stoltenberg,C,OL,SDG,12
1996,6,193,Scott Greene,RB,RB,CAR,3
1996,6,194,Steve White,DE,DL,PHI,14
1996,6,195,Marrio Grier,RB,RB,NWE,2
1996,6,196,Leon Neal,RB,RB,BUF,0
1996,6,197,Tony Johnson,TE,TE,PHI,1
1996,6,198,Stephen Pitts,RB,RB,SFO,NA
1996,6,199,Phillip Riley,WR,WR,PHI,0
1996,6,200,Orpheus Roye,DT,DL,PIT,54
1996,6,201,Hayward Clay,TE,TE,STL,0
1996,6,202,Dusty Zeigler,C,OL,BUF,34
1996,6,203,Spence Fischer,QB,QB,PIT,NA
1996,6,204,Toderick Malone,WR,WR,NOR,NA
1996,6,205,Mike Cawley,QB,QB,IND,NA
1996,6,206,Devin Wyman,DT,DL,NWE,3
1996,6,207,Wendell Davis,DB,DB,DAL,3
1996,6,208,Marco Rivera,G,OL,GNB,67
1996,6,209,T.J. Cunningham,DB,DB,SEA,1
1996,7,210,Chris Hayes,DB,DB,NYJ,9
1996,7,211,Ben Lynch,C,OL,KAN,6
1996,7,212,Jarius Hayes,TE,TE,ARI,0
1996,7,213,Leslie Ratliffe,T,OL,DEN,NA
1996,7,214,Conrad Hamilton,DB,DB,NYG,10
1996,7,215,Jeremy Asher,LB,LB,WAS,NA
1996,7,216,Lovett Purnell,TE,TE,NWE,2
1996,7,217,Donnell Baker,WR,WR,CAR,NA
1996,7,218,Mike Archie,RB,RB,HOU,0
1996,7,219,Rod Jones,T,OL,CIN,17
1996,7,220,Sedric Clark,LB,LB,OAK,0
1996,7,221,Reggie Rusk,DB,DB,TAM,2
1996,7,222,Chuck Osborne,DT,DL,STL,3
1996,7,223,Jon Merrill,G,OL,MIN,NA
1996,7,224,Darius Smith,C,OL,OAK,NA
1996,7,225,Johnie Church,DE,DL,SEA,NA
1996,7,226,Chris Banks,G,OL,DEN,4
1996,7,227,Clarence Jones,WR,WR,JAX,NA
1996,7,228,Gregory Spann,WR,WR,JAX,NA
1996,7,229,Ethan Brooks,T,OL,ATL,12
1996,7,230,Jeff Buckey,G,OL,MIA,12
1996,7,231,Freddie Bradley,RB,RB,SDG,1
1996,7,232,Adrian Robinson,DB,DB,IND,NA
1996,7,233,Marcus Keyes,DT,DL,CHI,0
1996,7,234,Kerry Hicks,DE,DL,CAR,0
1996,7,235,L.T. Levine,RB,RB,DEN,NA
1996,7,236,Brian Gragert,P,P,DEN,NA
1996,7,237,Dan Brandenburg,LB,LB,BUF,3
1996,7,238,Jon Stark,QB,QB,BAL,NA
1996,7,239,Sean Manuel,TE,TE,SFO,0
1996,7,240,Kyle Wachholtz,QB,QB,GNB,NA
1996,7,241,Jeff Smith,C,OL,KAN,16
1996,7,242,Carlos Emmons,LB,LB,PIT,54
1996,7,243,Ryan Wood,RB,RB,DAL,NA
1996,7,244,Jay Riemersma,TE,TE,BUF,19
1996,7,245,Darrell Williams,DB,DB,KAN,NA
1996,7,246,Henry Lusk,TE,TE,NOR,2
1996,7,247,J.R. Conrad,G,OL,NWE,1
1996,7,248,Joey Wylie,G,OL,OAK,NA
1996,7,249,Eric Smedley,DB,DB,BUF,2
1996,7,250,DeAndre Maxwell,WR,WR,WAS,NA
1996,7,251,Brice Hunter,WR,WR,MIA,1
1996,7,252,Keith McKenzie,DE,DL,GNB,20
1996,7,253,Michael Hicks,RB,RB,CHI,1
1996,7,254,Sam Manuel,LB,LB,SFO,NA
1997,1,1,Orlando Pace,T,OL,STL,104
1997,1,2,Darrell Russell,DT,DL,OAK,44
1997,1,3,Shawn Springs,DB,DB,SEA,58
1997,1,4,Peter Boulware,LB,LB,BAL,59
1997,1,5,Bryant Westbrook,DB,DB,DET,24
1997,1,6,Walter Jones,T,OL,SEA,98
1997,1,7,Ike Hilliard,WR,WR,NYG,43
1997,1,8,James Farrior,LB,LB,NYJ,95
1997,1,9,Tom Knight,DB,DB,ARI,17
1997,1,10,Chris Naeole,G,OL,NOR,61
1997,1,11,Michael Booker,DB,DB,ATL,9
1997,1,12,Warrick Dunn,RB,RB,TAM,96
1997,1,13,Tony Gonzalez,TE,TE,KAN,95
1997,1,14,Reinard Wilson,LB,LB,CIN,14
1997,1,15,Yatil Green,WR,WR,MIA,2
1997,1,16,Reidel Anthony,WR,WR,TAM,22
1997,1,17,Kenard Lang,DE,DL,WAS,51
1997,1,18,Kenny Holmes,DE,DL,TEN,40
1997,1,19,Tarik Glenn,T,OL,IND,87
1997,1,20,Dwayne Rudd,LB,LB,MIN,40
1997,1,21,Renaldo Wynn,DE,DL,JAX,55
1997,1,22,David LaFleur,TE,TE,DAL,7
1997,1,23,Antowain Smith,RB,RB,BUF,48
1997,1,24,Chad Scott,DB,DB,PIT,41
1997,1,25,Jon Harris,DE,DL,PHI,5
1997,1,26,Jim Druckenmiller,QB,QB,SFO,1
1997,1,27,Rae Carruth,WR,WR,CAR,8
1997,1,28,Trevor Pryce,DT,DL,DEN,80
1997,1,29,Chris Canty,DB,DB,NWE,9
1997,1,30,Ross Verba,T,OL,GNB,42
1997,2,31,Rick Terry,DT,DL,NYJ,4
1997,2,32,Nathan Davis,DE,DL,ATL,0
1997,2,33,Rob Kelly,DB,DB,NOR,8
1997,2,34,Jamie Sharper,LB,LB,BAL,60
1997,2,35,Juan Roque,T,OL,DET,3
1997,2,36,Tiki Barber,RB,RB,NYG,103
1997,2,37,Jerry Wunsch,T,OL,TAM,28
1997,2,38,John Allred,TE,TE,CHI,3
1997,2,39,Jared Tomich,DE,DL,NOR,10
1997,2,40,Dexter McCleon,DB,DB,STL,38
1997,2,41,Byron Hanspard,RB,RB,ATL,8
1997,2,42,Jake Plummer,QB,QB,ARI,77
1997,2,43,Corey Dillon,RB,RB,CIN,74
1997,2,44,Sam Madison,DB,DB,MIA,86
1997,2,45,Freddie Jones,TE,TE,SDG,26
1997,2,46,Joey Kent,WR,WR,TEN,2
1997,2,47,Kevin Lockett,WR,WR,KAN,15
1997,2,48,Adam Meadows,T,OL,IND,51
1997,2,49,Torrian Gray,DB,DB,MIN,2
1997,2,50,Mike Logan,DB,DB,JAX,19
1997,2,51,Greg Jones,LB,LB,WAS,16
1997,2,52,Marcellus Wiley,DE,DL,BUF,42
1997,2,53,Will Blackwell,WR,WR,PIT,8
1997,2,54,Kevin Abrams,DB,DB,DET,7
1997,2,55,Marc Edwards,FB,RB,SFO,14
1997,2,56,Mike Minter,DB,DB,CAR,52
1997,2,57,James Darling,LB,LB,PHI,29
1997,2,58,Kim Herring,DB,DB,BAL,34
1997,2,59,Brandon Mitchell,DE,DL,NWE,22
1997,2,60,Darren Sharper,DB,DB,GNB,89
1997,3,61,Sedrick Shaw,RB,RB,NWE,2
1997,3,62,Troy Davis,RB,RB,NOR,4
1997,3,63,Frank Middleton,G,OL,TAM,38
1997,3,64,Jay Graham,RB,RB,BAL,3
1997,3,65,Dexter Coakley,LB,LB,DAL,65
1997,3,66,Ronde Barber,DB,DB,TAM,109
1997,3,67,Dan Neil,G,OL,DEN,51
1997,3,68,Ryan Phillips,LB,LB,NYG,19
1997,3,69,Bob Sapp,G,OL,CHI,0
1997,3,70,O.J. Santiago,TE,TE,ATL,10
1997,3,71,Duce Staley,RB,RB,PHI,52
1997,3,72,Adam Treu,C,OL,OAK,26
1997,3,73,Jason Taylor,DE,DL,MIA,118
1997,3,74,Michael Hamilton,LB,LB,SDG,3
1997,3,75,Denard Walker,DB,DB,TEN,36
1997,3,76,Rod Payne,C,OL,CIN,0
1997,3,77,Greg Clark,TE,TE,SFO,9
1997,3,78,Stalin Colinet,DT,DL,MIN,14
1997,3,79,James Hamilton,LB,LB,JAX,1
1997,3,80,Derek Smith,LB,LB,WAS,59
1997,3,81,Scott Sanderson,T,OL,TEN,7
1997,3,82,Paul Wiggins,T,OL,PIT,0
1997,3,83,Steve Scifres,G,OL,DAL,0
1997,3,84,Ty Howard,DB,DB,ARI,4
1997,3,85,Tim Kohn,T,OL,OAK,NA
1997,3,86,Bertrand Berry,DE,DL,IND,45
1997,3,87,Kinnon Tatum,LB,LB,CAR,2
1997,3,88,Dedric Ward,WR,WR,NYJ,20
1997,3,89,Chris Carter,DB,DB,NWE,18
1997,3,90,Brett Conway,K,K,GNB,7
1997,3,91,Mike Vrabel,LB,LB,PIT,66
1997,3,92,Derrick Rodgers,LB,LB,MIA,43
1997,3,93,Ronnie Ward,LB,LB,MIA,0
1997,3,94,Kenny Wheaton,DB,DB,DAL,2
1997,3,95,Brad Maynard,P,P,NYG,20
1997,3,96,Brent Smith,G,OL,MIA,16
1997,4,97,Damon Denson,G,OL,NWE,3
1997,4,98,Derrick Mason,WR,WR,TEN,86
1997,4,99,Danny Wuerffel,QB,QB,NOR,6
1997,4,100,Henri Crockett,LB,LB,ATL,28
1997,4,101,Antonio Anderson,DT,DL,DAL,3
1997,4,102,Terry Day,DE,DL,NYJ,0
1997,4,103,Pete Monty,LB,LB,NYG,5
1997,4,104,Leon Johnson,RB,RB,NYJ,12
1997,4,105,Darnell Autry,RB,RB,CHI,7
1997,4,106,Chris Dishman,G,OL,ARI,21
1997,4,107,Pratt Lyons,DE,DL,TEN,8
1997,4,108,Marcus Robinson,WR,WR,CHI,34
1997,4,109,Raleigh Roundtree,G,OL,SDG,21
1997,4,110,Pat Barnes,QB,QB,KAN,0
1997,4,111,Tremain Mack,DB,DB,CIN,6
1997,4,112,Ryan Tucker,T,OL,STL,49
1997,4,113,Antonio Banks,DB,DB,MIN,2
1997,4,114,Seth Payne,DT,DL,JAX,50
1997,4,115,Albert Connell,WR,WR,WAS,24
1997,4,116,Keith Poole,WR,WR,NOR,13
1997,4,117,Monty Montgomery,DB,DB,IND,10
1997,4,118,Tyrus McCloud,LB,LB,BAL,2
1997,4,119,Damien Robinson,DB,DB,PHI,29
1997,4,120,Jamie Nails,G,OL,BUF,24
1997,4,121,Jerome Daniels,G,OL,MIA,3
1997,4,122,Tarek Saleh,LB,LB,CAR,4
1997,4,123,Chad Levitt,RB,RB,OAK,0
1997,4,124,Cory Gilliard,DB,DB,DEN,0
1997,4,125,Ed Ellis,T,OL,NWE,7
1997,4,126,Jermaine Smith,DT,DL,GNB,2
1997,4,127,Macey Brooks,WR,WR,DAL,3
1997,4,128,Alshermond Singleton,LB,LB,TAM,30
1997,4,129,Nicky Sualua,RB,RB,DAL,0
1997,4,130,Matt Russell,LB,LB,DET,2
1997,5,131,Lamont Burns,G,OL,NYJ,2
1997,5,132,Jamel Williams,DB,DB,WAS,2
1997,5,133,Marcus Wimberly,DB,DB,ATL,0
1997,5,134,Jeff Mitchell,C,OL,BAL,43
1997,5,135,Pete Chryplewicz,TE,TE,DET,0
1997,5,136,Sam Garnes,DB,DB,NYG,37
1997,5,137,Patrick Hape,TE,TE,TAM,1
1997,5,138,Kenny Bynum,RB,RB,SDG,4
1997,5,139,Chad Carpenter,WR,WR,ARI,NA
1997,5,140,Keith Thibodeaux,DB,DB,WAS,4
1997,5,141,Van Hiles,DB,DB,CHI,1
1997,5,142,Eric Stokes,DB,DB,SEA,0
1997,5,143,George McCullough,DB,DB,TEN,2
1997,5,144,Andre Purvis,DT,DL,CIN,2
1997,5,145,Raymond Austin,DB,DB,NYJ,3
1997,5,146,Paul Bradford,DB,DB,SDG,2
1997,5,147,Damon Jones,TE,TE,JAX,5
1997,5,148,Twan Russell,LB,LB,WAS,6
1997,5,149,Barron Tanner,DT,DL,MIA,13
1997,5,150,Nate Jacquet,WR,WR,IND,1
1997,5,151,Tony Williams,DT,DL,MIN,32
1997,5,152,N.D. Kalu,DE,DL,PHI,22
1997,5,153,Sean Woodson,DB,DB,BUF,NA
1997,5,154,George Jones,RB,RB,PIT,4
1997,5,155,Luther Broughton,TE,TE,PHI,4
1997,5,156,Carl Powell,DE,DL,IND,10
1997,5,157,Nicholas Lopez,DE,DL,MIA,NA
1997,5,158,Taje Allen,DB,DB,STL,6
1997,5,159,Vernon Crawford,LB,LB,NWE,3
1997,5,160,Anthony Hicks,LB,LB,GNB,NA
1997,5,161,Duane Ashman,DE,DL,DET,NA
1997,5,162,Brad Badger,G,OL,WAS,30
1997,5,163,June Henley,RB,RB,KAN,4
1997,6,164,Tim Scharf,LB,LB,NYJ,NA
1997,6,165,Nick Savoie,TE,TE,NOR,0
1997,6,166,John Fiala,LB,LB,MIA,6
1997,6,167,Steve Lee,RB,RB,BAL,NA
1997,6,168,Tony Ramirez,T,OL,DET,6
1997,6,169,Al Harris,DB,DB,TAM,54
1997,6,170,Brian Manning,WR,WR,MIA,1
1997,6,171,Mike Cherry,QB,QB,NYG,0
1997,6,172,Calvin Branch,DB,DB,OAK,3
1997,6,173,Mike Crawford,LB,LB,MIA,0
1997,6,174,Itula Mili,TE,TE,SEA,15
1997,6,175,Rod Brown,RB,RB,ARI,NA
1997,6,176,Canute Curtis,LB,LB,CIN,9
1997,6,177,Ed Perry,TE,TE,MIA,2
1997,6,178,Daniel Palmer,C,OL,SDG,NA
1997,6,179,Muadianvita Kazadi,LB,LB,STL,1
1997,6,180,Calvin Collins,G,OL,ATL,25
1997,6,181,Dennis Stallings,LB,LB,TEN,2
1997,6,182,Scott Von der Ahe,LB,LB,IND,1
1997,6,183,Robert Tate,DB,DB,MIN,15
1997,6,184,Daimon Shelton,FB,RB,JAX,6
1997,6,185,Marcus Spriggs,T,OL,BUF,11
1997,6,186,Daryl Porter,DB,DB,PIT,6
1997,6,187,Lee Vaughn,DB,DB,DAL,NA
1997,6,188,Tony McCombs,LB,LB,ARI,6
1997,6,189,Matt Finkes,DE,DL,CAR,1
1997,6,190,Antwuan Wyatt,WR,WR,PHI,0
1997,6,191,Chuck Clements,QB,QB,NYJ,0
1997,6,192,Tony Gaiter,WR,WR,NWE,0
1997,6,193,Grady Jackson,DT,DL,OAK,49
1997,6,194,Cornell Brown,LB,LB,BAL,17
1997,6,195,Isaac Byrd,WR,WR,KAN,10
1997,6,196,Shawn Swayda,DE,DL,CHI,2
1997,6,197,Nigea Carter,WR,WR,TAM,NA
1997,6,198,Ed Jasper,DT,DL,PHI,28
1997,6,199,Rod Manuel,DE,DL,PIT,0
1997,6,200,Richard Hogans,LB,LB,CHI,NA
1997,6,201,Ricky Parker,DB,DB,CHI,1
1997,7,202,Steve Rosga,DB,DB,NYJ,NA
1997,7,203,Hudhaifa Ismaeli,DB,DB,MIA,NA
1997,7,204,Tony Graziani,QB,QB,ATL,3
1997,7,205,Chris Ward,DE,DL,BAL,0
1997,7,206,Terry Battle,RB,RB,DET,NA
1997,7,207,Koy Detmer,QB,QB,PHI,4
1997,7,208,Matt Keneley,DT,DL,NYG,0
1997,7,209,Anthony DeGrate,DT,DL,TAM,NA
1997,7,210,Mike Miano,DT,DL,CHI,NA
1997,7,211,Carlos Jones,DB,DB,SEA,NA
1997,7,212,Mark Smith,DT,DL,ARI,17
1997,7,213,Chris Miller,WR,WR,GNB,NA
1997,7,214,Nathan Parks,T,OL,KAN,0
1997,7,215,Cedric White,DE,DL,STL,NA
1997,7,216,Armon Williams,DB,DB,TEN,0
1997,7,217,William Carr,DT,DL,CIN,NA
1997,7,218,Toran James,LB,LB,SDG,1
1997,7,219,Clarence Thompson,DB,DB,IND,NA
1997,7,220,Artie Ulmer,LB,LB,MIN,6
1997,7,221,Jon Hesse,LB,LB,JAX,0
1997,7,222,Chris Bayne,DB,DB,ATL,2
1997,7,223,Mike Adams,WR,WR,PIT,0
1997,7,224,Omar Stoutmire,DB,DB,DAL,26
1997,7,225,Byron Capers,DB,DB,PHI,NA
1997,7,226,Pat Fitzgerald,TE,TE,BUF,NA
1997,7,227,DeAuntae Brown,DB,DB,PHI,0
1997,7,228,Kris Mangum,TE,TE,CAR,11
1997,7,229,Jason Ferguson,DT,DL,NYJ,50
1997,7,230,Scott Rehberg,G,OL,NWE,13
1997,7,231,Jerald Sowell,FB,RB,GNB,12
1997,7,232,Marcus Harris,WR,WR,DET,NA
1997,7,233,Marvin Thomas,DE,DL,CHI,0
1997,7,234,Wally Richardson,QB,QB,BAL,0
1997,7,235,Matthew Hatchette,WR,WR,MIN,9
1997,7,236,Ralph Staten,DB,DB,BAL,4
1997,7,237,Tony Corbin,QB,QB,SDG,NA
1997,7,238,Leland Taylor,DT,DL,BAL,0
1997,7,239,Richard Jordan,LB,LB,DET,4
1997,7,240,Ron McAda,QB,QB,GNB,NA
1998,1,1,Peyton Manning,QB,QB,IND,176
1998,1,2,Ryan Leaf,QB,QB,SDG,1
1998,1,3,Andre Wadsworth,DE,DL,ARI,12
1998,1,4,Charles Woodson,DB,DB,OAK,115
1998,1,5,Curtis Enis,RB,RB,CHI,10
1998,1,6,Grant Wistrom,DE,DL,STL,54
1998,1,7,Kyle Turley,T,OL,NOR,52
1998,1,8,Greg Ellis,DE,DL,DAL,68
1998,1,9,Fred Taylor,RB,RB,JAX,88
1998,1,10,Duane Starks,DB,DB,BAL,33
1998,1,11,Tra Thomas,T,OL,PHI,72
1998,1,12,Keith Brooking,LB,LB,ATL,81
1998,1,13,Takeo Spikes,LB,LB,CIN,83
1998,1,14,Jason Peter,DE,DL,CAR,10
1998,1,15,Anthony Simmons,LB,LB,SEA,34
1998,1,16,Kevin Dyson,WR,WR,TEN,22
1998,1,17,Brian Simmons,LB,LB,CIN,42
1998,1,18,Robert Edwards,RB,RB,NWE,13
1998,1,19,Vonnie Holliday,DE,DL,GNB,63
1998,1,20,Terry Fair,DB,DB,DET,21
1998,1,21,Randy Moss,WR,WR,MIN,124
1998,1,22,Tebucky Jones,DB,DB,NWE,27
1998,1,23,Mo Collins,G,OL,OAK,29
1998,1,24,Shaun Williams,DB,DB,NYG,31
1998,1,25,Donovin Darius,DB,DB,JAX,45
1998,1,26,Alan Faneca,G,OL,PIT,108
1998,1,27,Victor Riley,T,OL,KAN,40
1998,1,28,R.W. McQuarters,DB,DB,SFO,37
1998,1,29,John Avery,RB,RB,MIA,4
1998,1,30,Marcus Nash,WR,WR,DEN,1
1998,2,31,Leon Bender,DT,DL,OAK,NA
1998,2,32,Jerome Pathon,WR,WR,IND,29
1998,2,33,Corey Chavous,DB,DB,ARI,42
1998,2,34,Jacquez Green,WR,WR,TAM,26
1998,2,35,Tony Parrish,DB,DB,CHI,49
1998,2,36,Anthony Clement,T,OL,ARI,39
1998,2,37,Robert Holcombe,RB,RB,STL,14
1998,2,38,Flozell Adams,T,OL,DAL,81
1998,2,39,Sam Cowart,LB,LB,BUF,44
1998,2,40,Cam Cleeland,TE,TE,NOR,9
1998,2,41,Jeremy Staat,DE,DL,PIT,4
1998,2,42,Patrick Johnson,WR,WR,BAL,11
1998,2,43,Artrell Hawkins,DB,DB,CIN,33
1998,2,44,Patrick Surtain,DB,DB,MIA,68
1998,2,45,Brian Kelly,DB,DB,TAM,36
1998,2,46,Samari Rolle,DB,DB,TEN,64
1998,2,47,Todd Weiner,T,OL,SEA,47
1998,2,48,Stephen Alexander,TE,TE,WAS,20
1998,2,49,Kenny Mixon,DE,DL,MIA,37
1998,2,50,Germane Crowell,WR,WR,DET,23
1998,2,51,Kailee Wong,LB,LB,MIN,37
1998,2,52,Tony Simmons,WR,WR,NWE,8
1998,2,53,Bob Hallen,G,OL,ATL,24
1998,2,54,Rod Rutledge,TE,TE,NWE,2
1998,2,55,Joe Jurevicius,WR,WR,NYG,31
1998,2,56,Dorian Boose,DE,DL,NYJ,5
1998,2,57,Cordell Taylor,DB,DB,JAX,1
1998,2,58,Jeremy Newberry,C,OL,SFO,52
1998,2,59,Mikhael Ricks,TE,TE,SDG,14
1998,2,60,Charlie Batch,QB,QB,DET,34
1998,2,61,Eric Brown,DB,DB,DEN,31
1998,3,62,Chuck Wiley,DE,DL,CAR,12
1998,3,63,Jon Ritchie,FB,RB,OAK,11
1998,3,64,Olin Kreutz,C,OL,CHI,73
1998,3,65,Leonard Little,DE,DL,STL,52
1998,3,66,Chris Conrad,T,OL,PIT,4
1998,3,67,Scott Frost,DB,DB,NYJ,5
1998,3,68,Robert Hicks,T,OL,BUF,13
1998,3,69,Skip Hicks,RB,RB,WAS,9
1998,3,70,Brian Alford,WR,WR,NYG,0
1998,3,71,E.G. Green,WR,WR,IND,7
1998,3,72,Jeremiah Trotter,LB,LB,PHI,71
1998,3,73,Mitch Marrow,DE,DL,CAR,NA
1998,3,74,Jammi German,WR,WR,ATL,3
1998,3,75,Steve Foley,LB,LB,CIN,30
1998,3,76,Ahman Green,RB,RB,SEA,83
1998,3,77,Dainon Sidney,DB,DB,TEN,6
1998,3,78,Mike Goff,G,OL,CIN,62
1998,3,79,Brad Jackson,LB,LB,MIA,8
1998,3,80,Ramos McDonald,DB,DB,MIN,5
1998,3,81,Chris Floyd,RB,RB,NWE,0
1998,3,82,Larry Shannon,WR,WR,MIA,0
1998,3,83,Greg Spires,DE,DL,NWE,49
1998,3,84,Jamie Duncan,LB,LB,TAM,29
1998,3,85,Allen Rossum,DB,DB,PHI,21
1998,3,86,Jonathan Quinn,QB,QB,JAX,4
1998,3,87,Kevin Williams,DB,DB,NYJ,8
1998,3,88,Rashaan Shehee,RB,RB,KAN,4
1998,3,89,Chris Ruhman,T,OL,SFO,2
1998,3,90,Jonathan Brown,DE,DL,GNB,0
1998,3,91,Brian Griese,QB,QB,DEN,54
1998,3,92,Hines Ward,WR,WR,PIT,88
1998,4,93,Steve McKinney,C,OL,IND,52
1998,4,94,Alonzo Mayes,TE,TE,CHI,3
1998,4,95,Michael Pittman,RB,RB,ARI,50
1998,4,96,Az-Zahir Hakim,WR,WR,STL,38
1998,4,97,Fred Weary,DB,DB,NOR,14
1998,4,98,Roland Williams,TE,TE,STL,9
1998,4,99,Julian Pittman,DE,DL,NOR,0
1998,4,100,Michael Myers,DT,DL,DAL,34
1998,4,101,Tavian Banks,RB,RB,JAX,3
1998,4,102,Lorenzo Bromell,DE,DL,MIA,11
1998,4,103,Omar Brown,DB,DB,ATL,1
1998,4,104,Todd Washington,G,OL,TAM,12
1998,4,105,Glen Steele,DT,DL,CIN,9
1998,4,106,Donald Hayes,WR,WR,CAR,18
1998,4,107,Joe Salave'a,DT,DL,TEN,20
1998,4,108,DeShone Myles,LB,LB,SEA,3
1998,4,109,Gennaro DiNapoli,C,OL,OAK,15
1998,4,110,Kivuusama Mays,LB,LB,MIN,2
1998,4,111,Jason Fabini,T,OL,NYJ,53
1998,4,112,Brandon Whiting,DE,DL,PHI,34
1998,4,113,Shawn Barber,LB,LB,WAS,37
1998,4,114,Tim Dwight,WR,WR,ATL,30
1998,4,115,Leonta Rheams,DT,DL,NWE,0
1998,4,116,Clarence Love,DB,DB,PHI,3
1998,4,117,Deshea Townsend,DB,DB,PIT,40
1998,4,118,Harry Deligianis,DT,DL,JAX,NA
1998,4,119,Lance Schulters,DB,DB,SFO,35
1998,4,120,Greg Favors,LB,LB,KAN,29
1998,4,121,Roosevelt Blackmon,DB,DB,GNB,2
1998,4,122,Curtis Alexander,RB,RB,DEN,NA
1998,4,123,Carlos King,RB,RB,PIT,0
1998,5,124,Martin Chase,DT,DL,BAL,7
1998,5,125,Terry Hardy,TE,TE,ARI,10
1998,5,126,Cedric Harden,DE,DL,SDG,0
1998,5,127,Jeremy Brigham,TE,TE,OAK,3
1998,5,128,Robert Williams,DB,DB,KAN,1
1998,5,129,Raymond Priester,RB,RB,STL,NA
1998,5,130,Darren Hambrick,LB,LB,DAL,25
1998,5,131,Jonathan Linton,RB,RB,BUF,9
1998,5,132,Wilmont Perry,RB,RB,NOR,2
1998,5,133,Ryan Sutter,DB,DB,BAL,0
1998,5,134,Casey Dailey,LB,LB,NYJ,0
1998,5,135,Antony Jordan,LB,LB,IND,1
1998,5,136,Jerry Jensen,LB,LB,CAR,0
1998,5,137,Jason Simmons,DB,DB,PIT,10
1998,5,138,Oliver Ross,T,OL,DAL,24
1998,5,139,Benji Olson,G,OL,TEN,55
1998,5,140,Mark Fischer,C,OL,WAS,6
1998,5,141,Doug Karczewski,G,OL,NYJ,NA
1998,5,142,Ike Reese,LB,LB,PHI,15
1998,5,143,Scott Shaw,G,OL,MIA,0
1998,5,144,Kerry Cooks,DB,DB,MIN,1
1998,5,145,Ron Merkerson,LB,LB,NWE,NA
1998,5,146,Blake Spence,TE,TE,NYJ,0
1998,5,147,Toby Myles,T,OL,NYG,1
1998,5,148,John Wade,C,OL,JAX,43
1998,5,149,Eric Bateman,T,OL,NYJ,NA
1998,5,150,Corey Bradford,WR,WR,GNB,27
1998,5,151,Phil Ostrowski,G,OL,SFO,2
1998,5,152,Travian Smith,LB,LB,OAK,13
1998,5,153,Chris Howard,RB,RB,DEN,1
1998,6,154,Ron Rogers,LB,LB,BAL,NA
1998,6,155,Clifford Ivory,DB,DB,SDG,NA
1998,6,156,Scott McGarrahan,DB,DB,GNB,7
1998,6,157,Chris Draft,LB,LB,CHI,38
1998,6,158,Zack Walz,LB,LB,ARI,8
1998,6,159,Glenn Rountree,G,OL,STL,NA
1998,6,160,Fred Coleman,WR,WR,BUF,1
1998,6,161,Chris Bordano,LB,LB,NOR,7
1998,6,162,Carl Hansen,DE,DL,SEA,0
1998,6,163,Eric Ogbogu,DE,DL,NYJ,11
1998,6,164,Sammy Williams,T,OL,BAL,7
1998,6,165,Damien Richardson,DB,DB,CAR,7
1998,6,166,Elijah Williams,DB,DB,ATL,3
1998,6,167,Jason Tucker,WR,WR,CIN,6
1998,6,168,Lee Wiggins,DB,DB,TEN,NA
1998,6,169,Bobby Shaw,WR,WR,SEA,27
1998,6,170,Patrick Palmer,WR,WR,WAS,NA
1998,6,171,Nathan Strikwerda,C,OL,MIA,NA
1998,6,172,John Dutton,QB,QB,MIA,NA
1998,6,173,Matt Birk,C,OL,MIN,83
1998,6,174,Chris Brazzell,WR,WR,NYJ,1
1998,6,175,James Cannida,DT,DL,TAM,7
1998,6,176,Harold Shaw,RB,RB,NWE,0
1998,6,177,Todd Pollack,TE,TE,NYG,NA
1998,6,178,Chris Fuamatu-Ma'afala,RB,RB,PIT,9
1998,6,179,Lamanzer Williams,DE,DL,JAX,0
1998,6,180,Fred Beasley,FB,RB,SFO,13
1998,6,181,Derrick Ransom,DT,DL,KAN,12
1998,6,182,Kevin McLeod,FB,RB,JAX,0
1998,6,183,Dustin Johnson,FB,RB,NYJ,0
1998,6,184,Shevin Smith,DB,DB,TAM,1
1998,6,185,Jamaal Alexander,DB,DB,DET,NA
1998,6,186,Ryan Olson,LB,LB,PIT,NA
1998,6,187,Matt Hasselbeck,QB,QB,GNB,87
1998,6,188,Izell Reese,DB,DB,DAL,20
1998,6,189,Patrick Mannelly,T,OL,CHI,15
1998,7,190,Aaron Taylor,G,OL,IND,NA
1998,7,191,David Terrell,DB,DB,WAS,17
1998,7,192,Alvis Whitted,WR,WR,JAX,9
1998,7,193,Phil Savoy,WR,WR,ARI,NA
1998,7,194,Jon Haskins,LB,LB,SDG,0
1998,7,195,Lawrence Hart,TE,TE,NYJ,0
1998,7,196,Viliami Maumau,DT,DL,CAR,0
1998,7,197,Jason McEndoo,C,OL,SEA,0
1998,7,198,Victor Allotey,G,OL,BUF,NA
1998,7,199,Ephraim Salaam,T,OL,ATL,55
1998,7,200,Trey Teague,C,OL,DEN,34
1998,7,201,Ken Oxendine,RB,RB,ATL,6
1998,7,202,Marcus Parker,RB,RB,CIN,NA
1998,7,203,Henry Slay,DT,DL,ATL,0
1998,7,204,Andy McCullough,WR,WR,NOR,0
1998,7,205,Jimmy Sprotte,LB,LB,TEN,0
1998,7,206,Antwaune Ponds,LB,LB,WAS,0
1998,7,207,Chris Liwienski,G,OL,DET,47
1998,7,208,Chester Burnett,LB,LB,MIN,0
1998,7,209,Jomo Cousins,DE,DL,ARI,NA
1998,7,210,Jim Bundren,G,OL,MIA,3
1998,7,211,Jason Andersen,G,OL,NWE,1
1998,7,212,Chance McCarty,DE,DL,TAM,NA
1998,7,213,Ben Fricke,C,OL,NYG,2
1998,7,214,Brandon Tolbert,LB,LB,JAX,NA
1998,7,215,Ryan Thelwell,WR,WR,SFO,2
1998,7,216,Eric Warfield,DB,DB,KAN,31
1998,7,217,Chad Overhauser,T,OL,CHI,0
1998,7,218,Eddie Watson,RB,RB,GNB,0
1998,7,219,Nate Wayne,LB,LB,DEN,33
1998,7,220,Chris Akins,DT,DL,PHI,NA
1998,7,221,Angel Rubio,DE,DL,PIT,0
1998,7,222,Damian Vaughn,TE,TE,CIN,NA
1998,7,223,Tarik Smith,RB,RB,DAL,NA
1998,7,224,Ernest Blackwell,RB,RB,KAN,NA
1998,7,225,Tony Darden,DB,DB,MIN,2
1998,7,226,Pat Tillman,DB,DB,ARI,14
1998,7,227,Antonio Fleming,G,OL,DAL,NA
1998,7,228,Jim Turner,WR,WR,CAR,NA
1998,7,229,Kevin Long,C,OL,TEN,16
1998,7,230,Vincent Amey,DE,DL,OAK,1
1998,7,231,Corey Gaines,DB,DB,IND,NA
1998,7,232,Moses Moreno,QB,QB,CHI,1
1998,7,233,Ron Janes,RB,RB,ARI,NA
1998,7,234,Kio Sanford,WR,WR,SDG,NA
1998,7,235,David Sanders,DE,DL,OAK,NA
1998,7,236,Jason Chorak,DE,DL,STL,0
1998,7,237,Rodrick Monroe,TE,TE,DAL,0
1998,7,238,Kamil Loud,WR,WR,BUF,1
1998,7,239,Ron Warner,DE,DL,NOR,3
1998,7,240,Melvin Thomas,G,OL,PHI,NA
1998,7,241,Cam Quayle,TE,TE,BAL,NA
1999,1,1,Tim Couch,QB,QB,CLE,30
1999,1,2,Donovan McNabb,QB,QB,PHI,107
1999,1,3,Akili Smith,QB,QB,CIN,2
1999,1,4,Edgerrin James,RB,RB,IND,113
1999,1,5,Ricky Williams,RB,RB,NOR,77
1999,1,6,Torry Holt,WR,WR,STL,99
1999,1,7,Champ Bailey,DB,DB,WAS,117
1999,1,8,David Boston,WR,WR,ARI,38
1999,1,9,Chris Claiborne,LB,LB,DET,34
1999,1,10,Chris McAlister,DB,DB,BAL,70
1999,1,11,Daunte Culpepper,QB,QB,MIN,86
1999,1,12,Cade McNown,QB,QB,CHI,8
1999,1,13,Troy Edwards,WR,WR,PIT,19
1999,1,14,John Tait,T,OL,KAN,51
1999,1,15,Anthony McFarland,DT,DL,TAM,43
1999,1,16,Jevon Kearse,DE,DL,TEN,68
1999,1,17,Damien Woody,C,OL,NWE,59
1999,1,18,Matt Stinchcomb,G,OL,OAK,21
1999,1,19,Luke Petitgout,T,OL,NYG,44
1999,1,20,Ebenezer Ekuban,DE,DL,DAL,37
1999,1,21,L.J. Shelton,T,OL,ARI,43
1999,1,22,Lamar King,DE,DL,SEA,16
1999,1,23,Antoine Winfield,DB,DB,BUF,62
1999,1,24,Reggie McGrew,DT,DL,SFO,1
1999,1,25,Antuan Edwards,DB,DB,GNB,15
1999,1,26,Fernando Bryant,DB,DB,JAX,38
1999,1,27,Aaron Gibson,T,OL,DET,14
1999,1,28,Andy Katzenmoyer,LB,LB,NWE,8
1999,1,29,Dimitrius Underwood,DT,DL,MIN,1
1999,1,30,Patrick Kerney,DE,DL,ATL,67
1999,1,31,Al Wilson,LB,LB,DEN,67
1999,2,32,Kevin Johnson,WR,WR,CLE,33
1999,2,33,Charles Fisher,DB,DB,CIN,0
1999,2,34,Chris Terry,T,OL,CAR,36
1999,2,35,Barry Gardner,LB,LB,PHI,18
1999,2,36,Mike Peterson,LB,LB,IND,73
1999,2,37,Jon Jansen,T,OL,WAS,55
1999,2,38,Mike Rucker,DE,DL,CAR,54
1999,2,39,J.J. Johnson,RB,RB,MIA,7
1999,2,40,Tony Bryant,DE,DL,OAK,22
1999,2,41,Dre' Bly,DB,DB,STL,54
1999,2,42,Reggie Kelly,TE,TE,ATL,12
1999,2,43,Rob Konrad,FB,RB,MIA,9
1999,2,44,Jim Kleinsasser,TE,TE,MIN,14
1999,2,45,Rahim Abdullah,LB,LB,CLE,6
1999,2,46,Kevin Faulk,RB,RB,NWE,56
1999,2,47,Fred Vinson,DB,DB,GNB,2
1999,2,48,Russell Davis,DT,DL,CHI,33
1999,2,49,Joe Montgomery,RB,RB,NYG,2
1999,2,50,Shaun King,QB,QB,TAM,19
1999,2,51,Johnny Rutledge,LB,LB,ARI,2
1999,2,52,John Thornton,DT,DL,TEN,51
1999,2,53,Peerless Price,WR,WR,BUF,44
1999,2,54,Mike Cloud,RB,RB,KAN,6
1999,2,55,Solomon Page,G,OL,DAL,20
1999,2,56,Larry Smith,DT,DL,JAX,9
1999,2,57,Randy Thomas,G,OL,NYJ,51
1999,2,58,Montae Reagor,DT,DL,DEN,23
1999,2,59,Scott Shields,DB,DB,PIT,5
1999,2,60,Jermaine Fazande,RB,RB,SDG,5
1999,2,61,Lennie Friedman,G,OL,DEN,18
1999,3,62,Daylon McCutcheon,DB,DB,CLE,34
1999,3,63,Brandon Burlsworth,G,OL,IND,NA
1999,3,64,Doug Brzezinski,G,OL,PHI,14
1999,3,65,Cory Hall,DB,DB,CIN,23
1999,3,66,Rex Tucker,G,OL,CHI,14
1999,3,67,Chris Watson,DB,DB,DEN,9
1999,3,68,Rich Coady,DB,DB,STL,9
1999,3,69,Steve Heiden,TE,TE,SDG,11
1999,3,70,Jared DeVries,DE,DL,DET,18
1999,3,71,D'Wayne Bates,WR,WR,CHI,10
1999,3,72,Grey Ruegamer,C,OL,MIA,15
1999,3,73,Joey Porter,LB,LB,PIT,90
1999,3,74,Kris Farris,T,OL,PIT,1
1999,3,75,Gary Stills,DE,DL,KAN,15
1999,3,76,Marquis Smith,DB,DB,CLE,7
1999,3,77,Brock Huard,QB,QB,SEA,2
1999,3,78,Marty Booker,WR,WR,CHI,48
1999,3,79,Dan Campbell,TE,TE,NYG,7
1999,3,80,Martin Gramatica,K,K,TAM,17
1999,3,81,Zach Piller,G,OL,TEN,28
1999,3,82,Karsten Bailey,WR,WR,SEA,1
1999,3,83,Tom Burke,DE,DL,ARI,8
1999,3,84,Larry Atkins,LB,LB,KAN,6
1999,3,85,Dat Nguyen,LB,LB,DAL,37
1999,3,86,Shawn Bryson,RB,RB,BUF,21
1999,3,87,Mike McKenzie,DB,DB,GNB,48
1999,3,88,Anthony Cesario,G,OL,JAX,NA
1999,3,89,Chike Okeafor,DE,DL,SFO,43
1999,3,90,David Loverne,G,OL,NYJ,12
1999,3,91,Tony George,DB,DB,NWE,4
1999,3,92,Jeff Paulk,FB,RB,ATL,0
1999,3,93,Travis McGriff,WR,WR,DEN,1
1999,3,94,Cletidus Hunt,DT,DL,GNB,28
1999,3,95,Amos Zereoue,RB,RB,PIT,22
1999,4,96,Paul Miranda,DB,DB,IND,1
1999,4,97,John Welbourn,G,OL,PHI,39
1999,4,98,Craig Yeast,WR,WR,CIN,5
1999,4,99,Anthony Parker,DB,DB,SFO,1
1999,4,100,Hannibal Navies,LB,LB,CAR,23
1999,4,101,Joe Germaine,QB,QB,STL,1
1999,4,102,Dameane Douglas,WR,WR,OAK,2
1999,4,103,Sedrick Irvin,RB,RB,DET,4
1999,4,104,Jason Perry,DB,DB,SDG,6
1999,4,105,Brandon Stokley,WR,WR,BAL,44
1999,4,106,Warrick Holdman,LB,LB,CHI,36
1999,4,107,Nate Stimson,LB,LB,WAS,NA
1999,4,108,Larry Parker,WR,WR,KAN,2
1999,4,109,Aaron Smith,DE,DL,PIT,71
1999,4,110,Pierson Prioleau,DB,DB,SFO,20
1999,4,111,Rosevelt Colvin,LB,LB,CHI,38
1999,4,112,Sean Bennett,RB,RB,NYG,1
1999,4,113,Dexter Jackson,DB,DB,TAM,32
1999,4,114,Brad Ware,DB,DB,TEN,NA
1999,4,115,Antonio Cochran,DE,DL,SEA,19
1999,4,116,Joel Makovicka,FB,RB,ARI,3
1999,4,117,Donald Mitchell,DB,DB,TEN,7
1999,4,118,Wane McGarity,WR,WR,DAL,6
1999,4,119,Keith Newman,LB,LB,BUF,28
1999,4,120,Kenny Wright,DB,DB,MIN,25
1999,4,121,Kevin Landolt,DT,DL,JAX,0
1999,4,122,Bobby Collins,TE,TE,BUF,2
1999,4,123,Jason Wiltz,DT,DL,NYJ,4
1999,4,124,Wali Rainer,LB,LB,CLE,26
1999,4,125,Jay Humphrey,T,OL,MIN,NA
1999,4,126,Johndale Carty,DB,DB,ATL,5
1999,4,127,Olandis Gary,RB,RB,DEN,16
1999,4,128,Damon Moore,DB,DB,PHI,18
1999,4,129,Edwin Mulitalo,G,OL,BAL,44
1999,4,130,Na Brown,WR,WR,PHI,4
1999,4,131,Aaron Brooks,QB,QB,GNB,66
1999,4,132,Peppi Zellner,DE,DL,DAL,21
1999,4,133,Josh Bidwell,P,P,GNB,18
1999,5,134,Cecil Collins,RB,RB,MIA,3
1999,5,135,Nick Luchey,FB,RB,CIN,3
1999,5,136,Jerame Tuman,TE,TE,PIT,5
1999,5,137,Tyree Talton,DB,DB,DET,1
1999,5,138,Brad Scioli,DE,DL,IND,14
1999,5,139,Adrian Dingle,DE,DL,SDG,12
1999,5,140,Floyd Wedderburn,G,OL,SEA,14
1999,5,141,Reggie Nelson,T,OL,SDG,0
1999,5,142,Bryan Jones,LB,LB,MIA,NA
1999,5,143,Jerry Wisne,T,OL,CHI,1
1999,5,144,Khari Samuel,LB,LB,CHI,3
1999,5,145,Cameron Spikes,G,OL,STL,13
1999,5,146,Eric Barton,LB,LB,OAK,50
1999,5,147,Jerry Azumah,DB,DB,CHI,30
1999,5,148,Darrin Chiaverini,WR,WR,CLE,5
1999,5,149,Mike Rosenthal,T,OL,NYG,29
1999,5,150,John McLaughlin,DE,DL,TAM,1
1999,5,151,Kevin Daft,QB,QB,TEN,NA
1999,5,152,Charlie Rogers,RB,RB,SEA,3
1999,5,153,Roderick Coleman,DT,DL,OAK,37
1999,5,154,Derrick Fletcher,T,OL,NWE,3
1999,5,155,Paris Johnson,DB,DB,ARI,NA
1999,5,156,Jay Foreman,LB,LB,BUF,28
1999,5,157,Terry Jackson,FB,RB,SFO,6
1999,5,158,David Bowens,DE,DL,DEN,31
1999,5,159,De'Mond Parker,RB,RB,GNB,2
1999,5,160,Jason Craft,DB,DB,JAX,25
1999,5,161,Tyrone Hopson,G,OL,SFO,3
1999,5,162,Jermaine Jones,DB,DB,NYJ,0
1999,5,163,Craig Heimburger,G,OL,GNB,1
1999,5,164,Eugene Baker,WR,WR,ATL,1
1999,5,165,Derek Smith,T,OL,WAS,NA
1999,5,166,Malcolm Johnson,WR,WR,PIT,0
1999,5,167,Darwin Brown,DB,DB,DEN,NA
1999,5,168,Yusuf Scott,G,OL,ARI,1
1999,5,169,Chris Jones,LB,LB,MIN,NA
1999,6,170,Steve Johnson,DB,DB,SEA,NA
1999,6,171,Tai Streets,WR,WR,SFO,23
1999,6,172,Cecil Martin,FB,RB,PHI,5
1999,6,173,Kelly Gregg,NT,DL,CIN,61
1999,6,174,Marcus Spriggs,DT,DL,CLE,2
1999,6,175,Robert Daniel,DE,DL,CAR,NA
1999,6,176,Lionel Barnes,DE,DL,STL,3
1999,6,177,Clint Kriewaldt,LB,LB,DET,10
1999,6,178,Tyrone Bell,DB,DB,SDG,0
1999,6,179,Desmond Clark,TE,TE,DEN,27
1999,6,180,Marcus Washington,DB,DB,NWE,NA
1999,6,181,Jeff Hall,K,K,WAS,1
1999,6,182,Emarlos Leroy,DT,DL,JAX,2
1999,6,183,Marc Megna,LB,LB,NYJ,0
1999,6,184,Rashard Cook,DB,DB,CHI,5
1999,6,185,Talance Sawyer,DE,DL,MIN,13
1999,6,186,Darran Hall,WR,WR,TEN,NA
1999,6,187,Kendall Ogle,LB,LB,CLE,0
1999,6,188,Daren Yancey,DT,DL,OAK,NA
1999,6,189,Lyle West,DB,DB,NYG,4
1999,6,190,Coby Rhinehart,DB,DB,ARI,6
1999,6,191,James Dearth,TE,TE,CLE,0
1999,6,192,Brent Bartholomew,P,P,MIA,0
1999,6,193,MarTay Jenkins,WR,WR,DAL,11
1999,6,194,Armon Hatcher,DB,DB,BUF,0
1999,6,195,Lamarr Glenn,RB,RB,TAM,NA
1999,6,196,Dee Miller,WR,WR,GNB,NA
1999,6,197,J.P. Machado,G,OL,NYJ,11
1999,6,198,Jeff Kelly,LB,LB,ATL,5
1999,6,199,Antico Dalton,LB,LB,MIN,1
1999,6,200,Eric Thigpen,DB,DB,ATL,NA
1999,6,201,Troy Smith,WR,WR,PHI,0
1999,6,202,Melvin Bradley,LB,LB,ARI,0
1999,6,203,Scott Curry,T,OL,GNB,0
1999,6,204,Chad Plummer,WR,WR,DEN,0
1999,6,205,Andre Weathers,DB,DB,NYG,1
1999,6,206,Dennis McKinley,FB,RB,ARI,0
1999,7,207,Madre Hill,RB,RB,CLE,0
1999,7,208,Jed Weaver,TE,TE,PHI,11
1999,7,209,Tony Coats,G,OL,CIN,NA
1999,7,210,Hunter Smith,P,P,IND,20
1999,7,211,Tony Booth,DB,DB,CAR,NA
1999,7,212,Chris Akins,DB,DB,GNB,4
1999,7,213,Donald Driver,WR,WR,GNB,76
1999,7,214,Antonio Dingle,DT,DL,PIT,0
1999,7,215,Mike Pringley,DE,DL,DET,1
1999,7,216,Anthony Poindexter,DB,DB,BAL,1
1999,7,217,Tim Alexander,WR,WR,WAS,NA
1999,7,218,Billy Miller,TE,TE,DEN,18
1999,7,219,Chad Kelsay,LB,LB,PIT,0
1999,7,220,Eric King,G,OL,KAN,NA
1999,7,221,Sulecio Sanford,WR,WR,CHI,NA
1999,7,222,Phil Glover,LB,LB,TEN,1
1999,7,223,Ryan Young,T,OL,NYJ,21
1999,7,224,JoJuan Armour,DB,DB,OAK,9
1999,7,225,Ryan Hale,DT,DL,NYG,2
1999,7,226,Robert Hunt,G,OL,TAM,NA
1999,7,227,Michael Bishop,QB,QB,NWE,0
1999,7,228,Kris Brown,K,K,PIT,26
1999,7,229,Mike Lucky,TE,TE,DAL,1
1999,7,230,Sheldon Jackson,TE,TE,BUF,0
1999,7,231,O.J. Childress,LB,LB,NYG,0
1999,7,232,Jermaine Haley,DT,DL,MIA,12
1999,7,233,Autry Denson,RB,RB,TAM,3
1999,7,234,Kory Minor,LB,LB,SFO,3
1999,7,235,J.J. Syvrud,LB,LB,NYJ,0
1999,7,236,Noel Scarlett,DT,DL,MIN,0
1999,7,237,Todd McClure,C,OL,ATL,72
1999,7,238,Justin Swift,TE,TE,DEN,2
1999,7,239,Chris Greisen,QB,QB,ARI,0
1999,7,240,Darnell McDonald,WR,WR,TAM,1
1999,7,241,Sean Morey,WR,WR,NWE,1
1999,7,242,Dee Moronkola,DB,DB,JAX,NA
1999,7,243,Kelvin Garmon,G,OL,DAL,19
1999,7,244,Joe Wong,G,OL,MIA,0
1999,7,245,Scott Covington,QB,QB,CIN,0
1999,7,246,Chris White,DE,DL,JAX,0
1999,7,247,Rondel Menendez,WR,WR,ATL,NA
1999,7,248,Bryce Fisher,DE,DL,BUF,26
1999,7,249,Donald Broomfield,DT,DL,CIN,NA
1999,7,250,Corey Terry,LB,LB,IND,1
1999,7,251,Pernell Davis,DT,DL,PHI,0
1999,7,252,Rodney Williams,P,P,STL,3
1999,7,253,Jim Finn,FB,RB,CHI,4
2000,1,1,Courtney Brown,DE,DL,CLE,27
2000,1,2,LaVar Arrington,LB,LB,WAS,46
2000,1,3,Chris Samuels,T,OL,WAS,63
2000,1,4,Peter Warrick,WR,WR,CIN,27
2000,1,5,Jamal Lewis,RB,RB,BAL,69
2000,1,6,Corey Simon,DT,DL,PHI,45
2000,1,7,Thomas Jones,RB,RB,ARI,62
2000,1,8,Plaxico Burress,WR,WR,PIT,70
2000,1,9,Brian Urlacher,LB,LB,CHI,119
2000,1,10,Travis Taylor,WR,WR,BAL,30
2000,1,11,Ron Dayne,RB,RB,NYG,23
2000,1,12,Shaun Ellis,DE,DL,NYJ,70
2000,1,13,John Abraham,DE,DL,NYJ,91
2000,1,14,Bubba Franks,TE,TE,GNB,20
2000,1,15,Deltha O'Neal,DB,DB,DEN,45
2000,1,16,Julian Peterson,LB,LB,SFO,69
2000,1,17,Sebastian Janikowski,K,K,OAK,41
2000,1,18,Chad Pennington,QB,QB,NYJ,55
2000,1,19,Shaun Alexander,RB,RB,SEA,68
2000,1,20,Stockar McDougle,T,OL,DET,23
2000,1,21,Sylvester Morris,WR,WR,KAN,6
2000,1,22,Chris McIntosh,T,OL,SEA,8
2000,1,23,Rashard Anderson,DB,DB,CAR,6
2000,1,24,Ahmed Plummer,DB,DB,SFO,24
2000,1,25,Chris Hovan,DT,DL,MIN,56
2000,1,26,Erik Flowers,DE,DL,BUF,6
2000,1,27,Anthony Becht,TE,TE,NYJ,12
2000,1,28,Rob Morris,LB,LB,IND,24
2000,1,29,R. Jay Soward,WR,WR,JAX,2
2000,1,30,Keith Bulluck,LB,LB,TEN,74
2000,1,31,Trung Canidate,RB,RB,STL,11
2000,2,32,Dennis Northcutt,WR,WR,CLE,41
2000,2,33,Darren Howard,DE,DL,NOR,42
2000,2,34,Mark Roman,DB,DB,CIN,38
2000,2,35,John Engelberger,DE,DL,SFO,31
2000,2,36,Todd Pinkston,WR,WR,PHI,25
2000,2,37,Travis Claridge,G,OL,ATL,23
2000,2,38,Marvel Smith,T,OL,PIT,44
2000,2,39,Mike Brown,DB,DB,CHI,56
2000,2,40,Ian Gold,LB,LB,DEN,39
2000,2,41,Raynoch Thompson,LB,LB,ARI,19
2000,2,42,Cornelius Griffin,DT,DL,NYG,58
2000,2,43,Rogers Beckett,DB,DB,SDG,17
2000,2,44,Chad Clifton,T,OL,GNB,72
2000,2,45,Kenoy Kennedy,DB,DB,DEN,34
2000,2,46,Adrian Klemm,G,OL,NWE,10
2000,2,47,Jerry Porter,WR,WR,OAK,33
2000,2,48,Jason Webster,DB,DB,SFO,26
2000,2,49,Dwayne Goodrich,DB,DB,DAL,1
2000,2,50,Barrett Green,LB,LB,DET,20
2000,2,51,Cosey Coleman,G,OL,TAM,35
2000,2,52,Ike Charlton,DB,DB,SEA,5
2000,2,53,Todd Wade,T,OL,MIA,41
2000,2,54,William Bartee,DB,DB,KAN,13
2000,2,55,Fred Robbins,DT,DL,MIN,51
2000,2,56,Michael Boireau,DE,DL,MIN,NA
2000,2,57,Deon Grant,DB,DB,CAR,56
2000,2,58,Travares Tillman,DB,DB,BUF,13
2000,2,59,Marcus Washington,LB,LB,IND,53
2000,2,60,Brad Meester,C,OL,JAX,74
2000,2,61,Bobbie Williams,G,OL,PHI,55
2000,2,62,Jacoby Shepherd,DB,DB,STL,1
2000,3,63,Travis Prentice,RB,RB,CLE,4
2000,3,64,Lloyd Harrison,DB,DB,WAS,1
2000,3,65,Giovanni Carmazzi,QB,QB,SFO,NA
2000,3,66,Ron Dugans,WR,WR,CIN,6
2000,3,67,Mark Simoneau,LB,LB,ATL,29
2000,3,68,Erron Kinney,TE,TE,TEN,15
2000,3,69,Dez White,WR,WR,CHI,18
2000,3,70,Chris Cole,WR,WR,DEN,1
2000,3,71,Darwin Walker,DT,DL,ARI,38
2000,3,72,Kendrick Clancy,DT,DL,PIT,24
2000,3,73,Ron Dixon,WR,WR,NYG,6
2000,3,74,Steve Warren,DT,DL,GNB,2
2000,3,75,Chris Redman,QB,QB,BAL,9
2000,3,76,J.R. Redmond,RB,RB,NWE,9
2000,3,77,Hank Poteat,DB,DB,PIT,16
2000,3,78,Laveranues Coles,WR,WR,NYJ,68
2000,3,79,JaJuan Dawson,WR,WR,CLE,5
2000,3,80,Darrell Jackson,WR,WR,SEA,55
2000,3,81,Reuben Droughns,RB,RB,DET,27
2000,3,82,Leander Jordan,T,OL,CAR,9
2000,3,83,Damion McIntosh,T,OL,SDG,38
2000,3,84,Ben Kelly,DB,DB,MIA,0
2000,3,85,Greg Wesley,DB,DB,KAN,39
2000,3,86,Jeff Ulbrich,LB,LB,SFO,31
2000,3,87,Dustin Lyman,TE,TE,CHI,2
2000,3,88,Doug Chapman,RB,RB,MIN,3
2000,3,89,Corey Moore,LB,LB,BUF,3
2000,3,90,Nate Webster,LB,LB,TAM,19
2000,3,91,David Macklin,DB,DB,IND,29
2000,3,92,T.J. Slaughter,LB,LB,JAX,17
2000,3,93,Byron Frisch,DE,DL,TEN,2
2000,3,94,John St. Clair,T,OL,STL,30
2000,4,95,Lewis Sanders,DB,DB,CLE,14
2000,4,96,Terrelle Smith,FB,RB,NOR,3
2000,4,97,Curtis Keaton,RB,RB,CIN,0
2000,4,98,Na'il Diggs,LB,LB,GNB,55
2000,4,99,Gari Scott,WR,WR,PHI,0
2000,4,100,Michael Thompson,T,OL,ATL,3
2000,4,101,Jerry Johnson,DT,DL,DEN,1
2000,4,102,David Barrett,DB,DB,ARI,31
2000,4,103,Danny Farmer,WR,WR,PIT,5
2000,4,104,Kaulana Noa,T,OL,STL,NA
2000,4,105,Brandon Short,LB,LB,NYG,32
2000,4,106,Antonio Wilson,LB,LB,MIN,2
2000,4,107,Junior Ioane,DT,DL,OAK,4
2000,4,108,John Keith,DB,DB,SFO,3
2000,4,109,Kareem Larrimore,DB,DB,DAL,3
2000,4,110,Aaron Shea,TE,TE,CLE,6
2000,4,111,Trevor Gaylor,WR,WR,SDG,7
2000,4,112,Cooper Carlisle,G,OL,DEN,54
2000,4,113,Leonardo Carson,DT,DL,SDG,16
2000,4,114,Anthony Lucas,WR,WR,GNB,NA
2000,4,115,Frank Moreau,RB,RB,KAN,1
2000,4,116,Marcus Bell,LB,LB,SEA,7
2000,4,117,Deon Dyer,FB,RB,MIA,0
2000,4,118,Tyrone Carter,DB,DB,MIN,27
2000,4,119,Isaiah Kacyvenski,LB,LB,SEA,16
2000,4,120,Alvin McKinley,DE,DL,CAR,22
2000,4,121,Avion Black,WR,WR,BUF,2
2000,4,122,Josh Williams,DT,DL,IND,19
2000,4,123,Joey Chustz,T,OL,JAX,NA
2000,4,124,Bobby Myers,DB,DB,TEN,3
2000,4,125,Reggie Austin,DB,DB,CHI,3
2000,4,126,Gary Berry,DB,DB,GNB,0
2000,4,127,Greg Randall,T,OL,NWE,18
2000,4,128,Peter Sirmon,LB,LB,TEN,25
2000,4,129,Michael Moore,G,OL,WAS,1
2000,5,130,Anthony Malbrough,DB,DB,CLE,1
2000,5,131,Tutan Reyes,G,OL,NOR,19
2000,5,132,Paul Smith,RB,RB,SFO,3
2000,5,133,Robert Bean,DB,DB,CIN,5
2000,5,134,Anthony Midget,DB,DB,ATL,NA
2000,5,135,Aric Morris,DB,DB,TEN,5
2000,5,136,Mao Tosi,DT,DL,ARI,4
2000,5,137,Clark Haggans,LB,LB,PIT,46
2000,5,138,Matt Johnson,G,OL,IND,NA
2000,5,139,Brian Young,DT,DL,STL,39
2000,5,140,Ralph Brown,DB,DB,NYG,12
2000,5,141,Dave Stachelski,TE,TE,NWE,0
2000,5,142,Shane Lechler,P,P,OAK,44
2000,5,143,Windrell Hayes,WR,WR,NYJ,1
2000,5,144,Michael Wiley,RB,RB,DAL,4
2000,5,145,Todd Franz,DB,DB,DET,3
2000,5,146,Lamar Chapman,DB,DB,CLE,1
2000,5,147,Gillis Wilson,DE,DL,CAR,1
2000,5,148,Richard Mercier,G,OL,BAL,NA
2000,5,149,Kabeer Gbaja-Biamila,DE,DL,GNB,43
2000,5,150,John Milem,DE,DL,SFO,1
2000,5,151,Joey Jamison,WR,WR,GNB,NA
2000,5,152,Arturo Freeman,DB,DB,MIA,13
2000,5,153,Dante Hall,WR,WR,KAN,29
2000,5,154,Muneer Moore,WR,WR,DEN,NA
2000,5,155,Quincy Sanders,DB,DB,WAS,NA
2000,5,156,Sammy Morris,RB,RB,BUF,27
2000,5,157,James Whalen,TE,TE,TAM,1
2000,5,158,Austin Wheatley,TE,TE,NOR,0
2000,5,159,Kiwaukee Thomas,DB,DB,JAX,12
2000,5,160,Frank Chamberlin,LB,LB,TEN,5
2000,5,161,Jeff Marriott,DT,DL,NWE,NA
2000,5,162,Pat Dennis,DB,DB,KAN,8
2000,5,163,Tee Martin,QB,QB,PIT,0
2000,5,164,Jay Tant,TE,TE,ARI,0
2000,5,165,Troy Walters,WR,WR,MIN,12
2000,5,166,Chad Morton,RB,RB,NOR,10
2000,6,167,Ernest Grant,DT,DL,MIA,3
2000,6,168,Marc Bulger,QB,QB,NOR,57
2000,6,169,Neil Rackers,K,K,CIN,29
2000,6,170,Frank Murphy,WR,WR,CHI,1
2000,6,171,Thomas Hamner,RB,RB,PHI,NA
2000,6,172,Mareno Philyaw,WR,WR,ATL,0
2000,6,173,Chris Combs,DE,DL,PIT,1
2000,6,174,Paul Edinger,K,K,CHI,17
2000,6,175,James Williams,WR,WR,SEA,4
2000,6,176,Jabari Issa,DE,DL,ARI,4
2000,6,177,Dhani Jones,LB,LB,NYG,54
2000,6,178,John Frank,DE,DL,PHI,NA
2000,6,179,Tony Scott,DB,DB,NYJ,2
2000,6,180,Mario Edwards,DB,DB,DAL,22
2000,6,181,Quinton Reese,DE,DL,DET,NA
2000,6,182,Jeno James,G,OL,CAR,26
2000,6,183,Spergon Wynn,QB,QB,CLE,2
2000,6,184,Shannon Taylor,LB,LB,SDG,4
2000,6,185,Tim Watson,DT,DL,SEA,NA
2000,6,186,Adalius Thomas,LB,LB,BAL,65
2000,6,187,Antwan Harris,DB,DB,NWE,5
2000,6,188,Darnell Alford,G,OL,KAN,0
2000,6,189,Mike Anderson,RB,RB,DEN,37
2000,6,190,John Hilliard,DE,DL,SEA,6
2000,6,191,Cedric Woodard,DT,DL,BAL,14
2000,6,192,John Romero,C,OL,PHI,NA
2000,6,193,David Gibson,DB,DB,TAM,8
2000,6,194,Leif Larsen,DT,DL,BUF,3
2000,6,195,Michael Hawthorne,DB,DB,NOR,10
2000,6,196,Emanuel Smith,WR,WR,JAX,0
2000,6,197,Robaire Smith,DE,DL,TEN,39
2000,6,198,Matt Bowen,DB,DB,STL,13
2000,6,199,Tom Brady,QB,QB,NWE,184
2000,6,200,Sherrod Gideon,WR,WR,NOR,NA
2000,6,201,David Nugent,DE,DL,NWE,2
2000,6,202,Todd Husak,QB,QB,WAS,0
2000,6,203,Damen Wheeler,DB,DB,SDG,0
2000,6,204,Jason Gavadza,TE,TE,PIT,NA
2000,6,205,JaJuan Seider,QB,QB,SDG,NA
2000,6,206,Brad Bedell,T,OL,CLE,4
2000,7,207,Manuia Savea,G,OL,CLE,NA
2000,7,208,Desmond Kitchings,WR,WR,KAN,NA
2000,7,209,Eric Chandler,DE,DL,CLE,NA
2000,7,210,Brad St. Louis,TE,TE,CIN,6
2000,7,211,Darrick Vaughn,DB,DB,ATL,12
2000,7,212,Tim Rattay,QB,QB,SFO,12
2000,7,213,Mike Green,RB,RB,TEN,2
2000,7,214,Jarious Jackson,QB,QB,DEN,0
2000,7,215,Sekou Sanyika,LB,LB,ARI,3
2000,7,216,Delbert Cowsette,DT,DL,WAS,3
2000,7,217,Jeremiah Parker,DE,DL,NYG,0
2000,7,218,Richard Seals,DT,DL,NYJ,NA
2000,7,219,Orantes Grant,LB,LB,DAL,2
2000,7,220,Andrew Kline,G,OL,STL,NA
2000,7,221,Lester Towns,LB,LB,CAR,18
2000,7,222,Jason Thomas,G,OL,SDG,1
2000,7,223,James Cotton,LB,LB,CHI,NA
2000,7,224,Mark Tauscher,T,OL,GNB,55
2000,7,225,Rashidi Barnes,DB,DB,CLE,1
2000,7,226,Casey Tisdale,LB,LB,NWE,NA
2000,7,227,Mondriel Fulcher,TE,TE,OAK,0
2000,7,228,Kevin Houser,C,OL,NOR,15
2000,7,229,Ron Moore,DT,DL,GNB,0
2000,7,230,Brian Jennings,TE,TE,SFO,0
2000,7,231,Clifton Black,DB,DB,OAK,NA
2000,7,232,Jeff Harris,DB,DB,MIA,NA
2000,7,233,Drew Haddad,WR,WR,BUF,0
2000,7,234,Joe Hamilton,QB,QB,TAM,0
2000,7,235,Rob Renes,DT,DL,IND,NA
2000,7,236,Erik Olson,DB,DB,JAX,1
2000,7,237,Wes Shivers,T,OL,TEN,0
2000,7,238,Rodregis Brooks,DB,DB,IND,0
2000,7,239,Patrick Pass,FB,RB,NWE,10
2000,7,240,Mike Malano,C,OL,MIN,NA
2000,7,241,Rob Meier,DE,DL,JAX,30
2000,7,242,Charles Lee,WR,WR,GNB,7
2000,7,243,Shyrone Stith,RB,RB,JAX,0
2000,7,244,Giles Cole,TE,TE,MIN,NA
2000,7,245,Danny Clark,LB,LB,JAX,39
2000,7,246,Leroy Fields,WR,WR,DEN,NA
2000,7,247,Mark Baniewicz,T,OL,JAX,NA
2000,7,248,Lewis Kelly,T,OL,MIN,4
2000,7,249,Eugene McCaslin,LB,LB,GNB,0
2000,7,250,Ethan Howell,WR,WR,WAS,NA
2000,7,251,DaShon Polk,LB,LB,BUF,10
2000,7,252,Rondell Mealey,RB,RB,GNB,2
2000,7,253,Alfonso Boone,DT,DL,DET,23
2000,7,254,Michael Green,DB,DB,CHI,22
2001,1,1,Michael Vick,QB,QB,ATL,92
2001,1,2,Leonard Davis,T,OL,ARI,66
2001,1,3,Gerard Warren,DT,DL,CLE,49
2001,1,4,Justin Smith,DE,DL,CIN,101
2001,1,5,LaDainian Tomlinson,RB,RB,SDG,129
2001,1,6,Richard Seymour,DE,DL,NWE,91
2001,1,7,Andre Carter,DE,DL,SFO,59
2001,1,8,David Terrell,WR,WR,CHI,11
2001,1,9,Koren Robinson,WR,WR,SEA,35
2001,1,10,Jamal Reynolds,DE,DL,GNB,3
2001,1,11,Dan Morgan,LB,LB,CAR,30
2001,1,12,Damione Lewis,DT,DL,STL,32
2001,1,13,Marcus Stroud,DT,DL,JAX,67
2001,1,14,Kenyatta Walker,T,OL,TAM,29
2001,1,15,Rod Gardner,WR,WR,WAS,25
2001,1,16,Santana Moss,WR,WR,NYJ,72
2001,1,17,Steve Hutchinson,G,OL,SEA,94
2001,1,18,Jeff Backus,T,OL,DET,61
2001,1,19,Casey Hampton,NT,DL,PIT,73
2001,1,20,Adam Archuleta,DB,DB,STL,31
2001,1,21,Nate Clements,DB,DB,BUF,61
2001,1,22,Will Allen,DB,DB,NYG,41
2001,1,23,Deuce McAllister,RB,RB,NOR,55
2001,1,24,Willie Middlebrooks,DB,DB,DEN,4
2001,1,25,Freddie Mitchell,WR,WR,PHI,13
2001,1,26,Jamar Fletcher,DB,DB,MIA,9
2001,1,27,Michael Bennett,RB,RB,MIN,34
2001,1,28,Derrick Gibson,DB,DB,OAK,13
2001,1,29,Ryan Pickett,DT,DL,STL,58
2001,1,30,Reggie Wayne,WR,WR,IND,116
2001,1,31,Todd Heap,TE,TE,BAL,43
2001,2,32,Drew Brees,QB,QB,SDG,167
2001,2,33,Quincy Morgan,WR,WR,CLE,20
2001,2,34,Kyle Vanden Bosch,DE,DL,ARI,58
2001,2,35,Alge Crumpler,TE,TE,ATL,41
2001,2,36,Chad Johnson,WR,WR,CIN,85
2001,2,37,Idrees Bashir,DB,DB,IND,19
2001,2,38,Anthony Thomas,RB,RB,CHI,27
2001,2,39,Kendrell Bell,LB,LB,PIT,40
2001,2,40,Ken Lucas,DB,DB,SEA,46
2001,2,41,Robert Ferguson,WR,WR,GNB,18
2001,2,42,Tommy Polley,LB,LB,STL,30
2001,2,43,Maurice Williams,T,OL,JAX,47
2001,2,44,Kris Jenkins,DT,DL,CAR,68
2001,2,45,Fred Smoot,DB,DB,WAS,40
2001,2,46,Aaron Schobel,DE,DL,BUF,62
2001,2,47,Jamie Winborn,LB,LB,SFO,18
2001,2,48,Matt Light,T,OL,NWE,89
2001,2,49,LaMont Jordan,RB,RB,NYJ,30
2001,2,50,Dominic Raiola,C,OL,DET,64
2001,2,51,Paul Toviessi,DE,DL,DEN,NA
2001,2,52,Chris Chambers,WR,WR,MIA,58
2001,2,53,Quincy Carter,QB,QB,DAL,16
2001,2,54,Michael Stone,DB,DB,ARI,4
2001,2,55,Quinton Caver,LB,LB,PHI,5
2001,2,56,Tony Dixon,DB,DB,DAL,9
2001,2,57,Willie Howard,DE,DL,MIN,1
2001,2,58,Travis Henry,RB,RB,BUF,41
2001,2,59,Marques Tuiasosopo,QB,QB,OAK,1
2001,2,60,Andre Dyson,DB,DB,TEN,31
2001,2,61,Shaun Rogers,DT,DL,DET,57
2001,2,62,Gary Baxter,DB,DB,BAL,20
2001,3,63,Derrick Burgess,DE,DL,PHI,40
2001,3,64,Adrian Wilson,DB,DB,ARI,68
2001,3,65,James Jackson,RB,RB,CLE,9
2001,3,66,Sean Brewer,TE,TE,CIN,0
2001,3,67,Tay Cody,DB,DB,SDG,4
2001,3,68,Mike Gandy,T,OL,CHI,42
2001,3,69,Eric Kelly,DB,DB,MIN,9
2001,3,70,Sedrick Hodge,LB,LB,NOR,17
2001,3,71,Bhawoh Jue,DB,DB,GNB,14
2001,3,72,Torrance Marshall,LB,LB,GNB,7
2001,3,73,Eric Westmoreland,LB,LB,JAX,5
2001,3,74,Steve Smith Sr.,WR,WR,CAR,102
2001,3,75,Eric Downing,DT,DL,KAN,7
2001,3,76,Ron Edwards,DT,DL,BUF,37
2001,3,77,Snoop Minnis,WR,WR,KAN,5
2001,3,78,Will Peterson,DB,DB,NYG,23
2001,3,79,Kareem McKenzie,T,OL,NYJ,62
2001,3,80,Kevan Barlow,RB,RB,SFO,36
2001,3,81,Kenny Smith,DT,DL,NOR,7
2001,3,82,Heath Evans,FB,RB,SEA,8
2001,3,83,Brian Allen,LB,LB,STL,8
2001,3,84,Dwight Smith,DB,DB,TAM,34
2001,3,85,Travis Minor,RB,RB,MIA,10
2001,3,86,Brock Williams,DB,DB,NWE,1
2001,3,87,Reggie Hayward,DE,DL,DEN,32
2001,3,88,Morlon Greenwood,LB,LB,MIA,39
2001,3,89,DeLawrence Grant,DE,DL,OAK,12
2001,3,90,Shad Meier,TE,TE,TEN,3
2001,3,91,Cory Bird,DB,DB,IND,6
2001,3,92,Casey Rabach,C,OL,BAL,44
2001,3,93,Willie Blade,DT,DL,DAL,8
2001,3,94,James Boyd,DB,DB,JAX,2
2001,3,95,Jonas Jennings,T,OL,BUF,29
2001,4,96,Kenyatta Jones,T,OL,NWE,7
2001,4,97,Anthony Henry,DB,DB,CLE,38
2001,4,98,Bill Gramatica,K,K,ARI,7
2001,4,99,Roberto Garza,G,OL,ATL,61
2001,4,100,Rudi Johnson,RB,RB,CIN,46
2001,4,101,Jamie Henderson,DB,DB,NYJ,3
2001,4,102,Matt Stewart,LB,LB,ATL,26
2001,4,103,Karon Riley,LB,LB,CHI,1
2001,4,104,Orlando Huff,LB,LB,SEA,22
2001,4,105,Bill Ferrario,G,OL,GNB,1
2001,4,106,Chris Weinke,QB,QB,CAR,9
2001,4,107,Monty Beisel,LB,LB,KAN,13
2001,4,108,George Layne,RB,RB,KAN,0
2001,4,109,Sage Rosenfels,QB,QB,WAS,13
2001,4,110,Brandon Spoon,LB,LB,BUF,5
2001,4,111,Mathias Nkwenti,T,OL,PIT,0
2001,4,112,Carlos Polk,LB,LB,SDG,7
2001,4,113,Ben Hamilton,G,OL,DEN,54
2001,4,114,Cedric Scott,DE,DL,NYG,1
2001,4,115,Moran Norris,FB,RB,NOR,1
2001,4,116,Milton Wynn,WR,WR,STL,1
2001,4,117,John Howell,DB,DB,TAM,7
2001,4,118,Ryan Diem,T,OL,IND,72
2001,4,119,Jabari Holloway,TE,TE,NWE,1
2001,4,120,Nick Harris,P,P,DEN,18
2001,4,121,Correll Buckhalter,RB,RB,PHI,27
2001,4,122,Markus Steele,LB,LB,DAL,8
2001,4,123,Marcus Bell,DT,DL,ARI,14
2001,4,124,Justin McCareins,WR,WR,TEN,33
2001,4,125,Jesse Palmer,QB,QB,NYG,1
2001,4,126,Ed Hartwell,LB,LB,BAL,28
2001,4,127,Curtis Fuller,DB,DB,SEA,3
2001,4,128,Floyd Womack,T,OL,SEA,30
2001,4,129,Brandon Manumaleuna,TE,TE,STL,8
2001,4,130,Shawn Worthen,DT,DL,MIN,0
2001,4,131,Cedric James,WR,WR,MIN,0
2001,5,132,Elliot Silvers,T,OL,SDG,NA
2001,5,133,Mario Fatafehi,DT,DL,ARI,13
2001,5,134,Jeremiah Pharms,LB,LB,CLE,NA
2001,5,135,Victor Leyva,G,OL,CIN,1
2001,5,136,Vinny Sutherland,WR,WR,ATL,0
2001,5,137,Matt Lehr,C,OL,DAL,23
2001,5,138,Bernard Robertson,T,OL,CHI,3
2001,5,139,Zeke Moreno,LB,LB,SDG,10
2001,5,140,Alex Bannister,WR,WR,SEA,1
2001,5,141,Bill Baber,TE,TE,KAN,0
2001,5,142,David Leaverton,P,P,JAX,NA
2001,5,143,Jarrod Cooper,DB,DB,CAR,7
2001,5,144,Marques Sullivan,G,OL,BUF,11
2001,5,145,Jerametrius Butler,DB,DB,STL,17
2001,5,146,Chukky Okobi,C,OL,PIT,7
2001,5,147,Tony Stewart,TE,TE,PHI,5
2001,5,148,Scotty Anderson,WR,WR,DET,8
2001,5,149,Mike McMahon,QB,QB,DET,6
2001,5,150,Derrick Blaylock,RB,RB,KAN,11
2001,5,151,Russ Hochstein,C,OL,TAM,27
2001,5,152,Raymond Walls,DB,DB,IND,4
2001,5,153,Onomo Ojo,WR,WR,NOR,NA
2001,5,154,Darnerien McCants,WR,WR,WAS,7
2001,5,155,A.J. Feeley,QB,QB,PHI,7
2001,5,156,Shawn Draper,T,OL,MIA,NA
2001,5,157,Patrick Chukwurah,LB,LB,MIN,6
2001,5,158,Ray Perryman,DB,DB,OAK,0
2001,5,159,Eddie Berlin,WR,WR,TEN,3
2001,5,160,John Markham,K,K,NYG,NA
2001,5,161,Chris Barnes,RB,RB,BAL,NA
2001,5,162,Jonathan Carter,WR,WR,NYG,4
2001,5,163,Hakim Akbar,LB,LB,NWE,1
2001,6,164,Brandon Winey,T,OL,MIA,3
2001,6,165,Michael Jameson,DB,DB,CLE,4
2001,6,166,Bobby Newcombe,WR,WR,ARI,NA
2001,6,167,Randy Garner,DE,DL,ATL,NA
2001,6,168,Riall Johnson,LB,LB,CIN,2
2001,6,169,Cedrick Wilson,WR,WR,SFO,22
2001,6,170,Chad Ward,G,OL,JAX,NA
2001,6,171,Daleroy Stewart,DT,DL,DAL,3
2001,6,172,Josh Booty,QB,QB,SEA,NA
2001,6,173,Jason Glenn,LB,LB,DET,6
2001,6,174,Jameel Cook,FB,RB,TAM,4
2001,6,175,Dee Brown,RB,RB,CAR,2
2001,6,176,Alex Sulfsted,T,OL,KAN,2
2001,6,177,Josh Heupel,QB,QB,MIA,NA
2001,6,178,Tony Driver,DB,DB,BUF,0
2001,6,179,Rashad Holman,DB,DB,SFO,4
2001,6,180,Arther Love,TE,TE,NWE,NA
2001,6,181,Rodney Bailey,DE,DL,PIT,7
2001,6,182,Roger Knight,LB,LB,PIT,4
2001,6,183,Ellis Wyms,DE,DL,TAM,13
2001,6,184,Chris Cooper,DT,DL,OAK,12
2001,6,185,Mitch White,T,OL,NOR,NA
2001,6,186,Mario Monds,DT,DL,WAS,1
2001,6,187,Otis Leverette,DE,DL,MIA,3
2001,6,188,Rick Crowell,LB,LB,MIA,NA
2001,6,189,Carey Scott,DB,DB,MIN,0
2001,6,190,Kevin Kasper,WR,WR,DEN,2
2001,6,191,Menson Holloway,DE,DL,SFO,NA
2001,6,192,Dan Alexander,RB,RB,TEN,0
2001,6,193,Jason Doering,DB,DB,IND,6
2001,6,194,Joe Maese,C,OL,BAL,7
2001,6,195,Dan O'Leary,TE,TE,BUF,0
2001,6,196,Jimmy Williams,DB,DB,BUF,9
2001,6,197,Francis St. Paul,WR,WR,STL,NA
2001,6,198,David Martin,TE,TE,GNB,12
2001,6,199,Adam Haayer,T,OL,TEN,4
2001,6,200,Leonard Myers,DB,DB,NWE,1
2001,7,201,Brandon Gorin,T,OL,SDG,15
2001,7,202,Renaldo Hill,DB,DB,ARI,36
2001,7,203,Paul Zukauskas,G,OL,CLE,9
2001,7,204,T.J. Houshmandzadeh,WR,WR,CIN,56
2001,7,205,Dauntae' Finger,TE,TE,TAM,NA
2001,7,206,James Reed,DT,DL,NYJ,19
2001,7,207,Colston Weatherington,DE,DL,DAL,0
2001,7,208,John Capel,WR,WR,CHI,NA
2001,7,209,Alex Lincoln,LB,LB,SFO,NA
2001,7,210,Harold Blackmon,DB,DB,SEA,1
2001,7,211,Louis Williams,C,OL,CAR,0
2001,7,212,Shaunard Harts,DB,DB,KAN,8
2001,7,213,Anthony Denman,LB,LB,JAX,2
2001,7,214,Reggie Germany,WR,WR,BUF,2
2001,7,215,Corey Hall,DB,DB,ATL,0
2001,7,216,Owen Pochman,K,K,NWE,-2
2001,7,217,Tupe Peko,G,OL,NYJ,9
2001,7,218,Chris Taylor,WR,WR,PIT,NA
2001,7,219,Kynan Forney,G,OL,ATL,37
2001,7,220,Rick DeMulling,G,OL,IND,31
2001,7,221,Ennis Davis,DT,DL,NOR,NA
2001,7,222,Dennis Norman,C,OL,SEA,17
2001,7,223,Than Merrill,DB,DB,TAM,1
2001,7,224,Eric Johnson,TE,TE,SFO,19
2001,7,225,Brian Crawford,T,OL,MIN,NA
2001,7,226,Ronald Flemons,DE,DL,ATL,0
2001,7,227,Mike Roberg,TE,TE,CAR,0
2001,7,228,Derek Combs,DB,DB,OAK,1
2001,7,229,Ken-Yon Rambo,WR,WR,OAK,1
2001,7,230,Ross Kolodziej,DT,DL,NYG,12
2001,7,231,Dwayne Missouri,DE,DL,BAL,0
2001,7,232,Keith Adams,LB,LB,TEN,14
2001,7,233,Marlon McCree,DB,DB,JAX,35
2001,7,234,Joe Tafoya,DE,DL,TAM,10
2001,7,235,Richmond Flowers III,WR,WR,JAX,NA
2001,7,236,Quentin McCord,WR,WR,ATL,5
2001,7,237,Kris Kocurek,DT,DL,SEA,0
2001,7,238,Tyrone Robertson,DT,DL,BUF,1
2001,7,239,T.J. Turner,LB,LB,NWE,0
2001,7,240,John Nix,DT,DL,DAL,2
2001,7,241,Randy Chevrier,DT,DL,JAX,0
2001,7,242,Char-ron Dorsey,T,OL,DAL,1
2001,7,243,Terdell Sands,DT,DL,KAN,11
2001,7,244,Robert Carswell,DB,DB,SDG,1
2001,7,245,Andre King,WR,WR,CLE,2
2001,7,246,Tevita Ofahengaue,TE,TE,ARI,NA
2002,1,1,David Carr,QB,QB,HOU,45
2002,1,2,Julius Peppers,DE,DL,CAR,130
2002,1,3,Joey Harrington,QB,QB,DET,31
2002,1,4,Mike Williams,T,OL,BUF,24
2002,1,5,Quentin Jammer,DB,DB,SDG,52
2002,1,6,Ryan Sims,DT,DL,KAN,22
2002,1,7,Bryant McKinnie,T,OL,MIN,64
2002,1,8,Roy Williams,DB,DB,DAL,59
2002,1,9,John Henderson,DT,DL,JAX,64
2002,1,10,Levi Jones,T,OL,CIN,42
2002,1,11,Dwight Freeney,DE,DL,IND,81
2002,1,12,Wendell Bryant,DT,DL,ARI,4
2002,1,13,Donte' Stallworth,WR,WR,NOR,39
2002,1,14,Jeremy Shockey,TE,TE,NYG,48
2002,1,15,Albert Haynesworth,DT,DL,TEN,55
2002,1,16,William Green,RB,RB,CLE,14
2002,1,17,Phillip Buchanon,DB,DB,OAK,34
2002,1,18,T.J. Duckett,RB,RB,ATL,22
2002,1,19,Ashley Lelie,WR,WR,DEN,35
2002,1,20,Javon Walker,WR,WR,GNB,40
2002,1,21,Daniel Graham,TE,TE,NWE,19
2002,1,22,Bryan Thomas,DE,DL,NYJ,49
2002,1,23,Napoleon Harris,LB,LB,OAK,33
2002,1,24,Ed Reed,DB,DB,BAL,102
2002,1,25,Charles Grant,DE,DL,NOR,46
2002,1,26,Lito Sheppard,DB,DB,PHI,48
2002,1,27,Mike Rumph,DB,DB,SFO,8
2002,1,28,Jerramy Stevens,TE,TE,SEA,18
2002,1,29,Marc Colombo,T,OL,CHI,42
2002,1,30,Kendall Simmons,G,OL,PIT,35
2002,1,31,Robert Thomas,LB,LB,STL,21
2002,1,32,Patrick Ramsey,QB,QB,WAS,14
2002,2,33,Jabar Gaffney,WR,WR,HOU,42
2002,2,34,DeShaun Foster,RB,RB,CAR,32
2002,2,35,Kalimba Edwards,DE,DL,DET,20
2002,2,36,Josh Reed,WR,WR,BUF,27
2002,2,37,Andre Gurode,G,OL,DAL,65
2002,2,38,Raonall Smith,LB,LB,MIN,6
2002,2,39,Toniu Fonoti,G,OL,SDG,17
2002,2,40,Mike Pearson,T,OL,JAX,17
2002,2,41,Lamont Thompson,DB,DB,CIN,17
2002,2,42,Larry Tripplett,DT,DL,IND,27
2002,2,43,Eddie Freeman,DE,DL,KAN,1
2002,2,44,LeCharles Bentley,G,OL,NOR,29
2002,2,45,Tank Williams,DB,DB,TEN,20
2002,2,46,Tim Carter,WR,WR,NYG,10
2002,2,47,Andre' Davis,WR,WR,CLE,25
2002,2,48,Reche Caldwell,WR,WR,SDG,20
2002,2,49,Levar Fisher,LB,LB,ARI,6
2002,2,50,Chester Pitts,T,OL,HOU,43
2002,2,51,Clinton Portis,RB,RB,DEN,72
2002,2,52,Anthony Weaver,DE,DL,BAL,41
2002,2,53,Langston Walker,T,OL,OAK,31
2002,2,54,Maurice Morris,RB,RB,SEA,27
2002,2,55,Doug Jolley,TE,TE,OAK,11
2002,2,56,Ladell Betts,RB,RB,WAS,31
2002,2,57,Jon McGraw,DB,DB,NYJ,18
2002,2,58,Michael Lewis,DB,DB,PHI,43
2002,2,59,Sheldon Brown,DB,DB,PHI,55
2002,2,60,Anton Palepoi,DE,DL,SEA,4
2002,2,61,Ryan Denney,DE,DL,BUF,23
2002,2,62,Antwaan Randle El,WR,WR,PIT,43
2002,2,63,Antonio Bryant,WR,WR,DAL,38
2002,2,64,Travis Fisher,DB,DB,STL,25
2002,2,65,Deion Branch,WR,WR,NWE,52
2002,3,66,Fred Weary,G,OL,HOU,18
2002,3,67,Matt Schobel,TE,TE,CIN,11
2002,3,68,Andre' Goodman,DB,DB,DET,34
2002,3,69,Saleem Rasheed,LB,LB,SFO,5
2002,3,70,Willie Offord,DB,DB,MIN,5
2002,3,71,Ben Leber,LB,LB,SDG,46
2002,3,72,Roosevelt Williams,DB,DB,CHI,4
2002,3,73,Will Witherspoon,LB,LB,CAR,59
2002,3,74,Joe Jefferson,DB,DB,IND,3
2002,3,75,Derek Ross,DB,DB,DAL,6
2002,3,76,Melvin Fowler,C,OL,CLE,25
2002,3,77,Rocky Calmus,LB,LB,TEN,8
2002,3,78,Jeff Hatch,T,OL,NYG,2
2002,3,79,Rashad Bauman,DB,DB,WAS,3
2002,3,80,Will Overstreet,LB,LB,ATL,1
2002,3,81,Josh McCown,QB,QB,ARI,40
2002,3,82,James Allen,LB,LB,NOR,9
2002,3,83,Charles Hill,DT,DL,HOU,1
2002,3,84,Lamar Gordon,RB,RB,STL,9
2002,3,85,Kris Richard,DB,DB,SEA,2
2002,3,86,Marquis Walker,WR,WR,TAM,NA
2002,3,87,Cliff Russell,WR,WR,WAS,0
2002,3,88,Chris Baker,TE,TE,NYJ,13
2002,3,89,Akin Ayodele,LB,LB,JAX,48
2002,3,90,Seth McKinney,C,OL,MIA,21
2002,3,91,Brian Westbrook,RB,RB,PHI,69
2002,3,92,Marques Anderson,DB,DB,GNB,14
2002,3,93,Terrence Metcalf,G,OL,CHI,11
2002,3,94,Chris Hope,DB,DB,PIT,46
2002,3,95,Eric Crouch,WR,WR,STL,NA
2002,3,96,Dorsett Davis,DE,DL,DEN,1
2002,3,97,Coy Wire,DB,DB,BUF,22
2002,3,98,Dennis Johnson,DE,DL,ARI,5
2002,4,99,Jonathan Wells,RB,RB,HOU,11
2002,4,100,Dante Wesley,DB,DB,CAR,10
2002,4,101,Kevin Bentley,LB,LB,CLE,23
2002,4,102,Jeff Chandler,K,K,SFO,1
2002,4,103,Justin Peelle,TE,TE,SDG,8
2002,4,104,Alex Brown,DE,DL,CHI,59
2002,4,105,Brian Williams,DB,DB,MIN,34
2002,4,106,David Thornton,LB,LB,IND,42
2002,4,107,Omar Easy,FB,RB,KAN,0
2002,4,108,David Garrard,QB,QB,JAX,62
2002,4,109,Travis Dorsch,P,P,CIN,0
2002,4,110,Mike Echols,DB,DB,TEN,0
2002,4,111,Ben Taylor,LB,LB,CLE,14
2002,4,112,Dave Zastudil,P,P,BAL,18
2002,4,113,Nate Dwyer,DT,DL,ARI,NA
2002,4,114,Randy McMichael,TE,TE,MIA,33
2002,4,115,Tony Beckham,DB,DB,TEN,5
2002,4,116,Martin Bibla,G,OL,ATL,3
2002,4,117,Rohan Davey,QB,QB,NWE,0
2002,4,118,Chris Luzar,TE,TE,JAX,0
2002,4,119,Travis Stephens,RB,RB,TAM,0
2002,4,120,Terreal Bierria,DB,DB,SEA,6
2002,4,121,Alan Harper,DT,DL,NYJ,1
2002,4,122,Darnell Sanders,TE,TE,CLE,1
2002,4,123,Ron Johnson,WR,WR,BAL,1
2002,4,124,Scott Peters,C,OL,PHI,1
2002,4,125,Keyuo Craver,DB,DB,NOR,2
2002,4,126,Jarvis Green,DE,DL,NWE,28
2002,4,127,Kevin Curtis,DB,DB,SFO,NA
2002,4,128,Larry Foote,LB,LB,PIT,62
2002,4,129,Jamar Martin,FB,RB,DAL,0
2002,4,130,Travis Scott,G,OL,STL,NA
2002,4,131,Sam Brandon,DB,DB,DEN,9
2002,4,132,Edward Ta'amu,G,OL,MIN,NA
2002,4,133,Rocky Boiman,LB,LB,TEN,14
2002,4,134,John Taylor,LB,LB,DET,NA
2002,4,135,Najeh Davenport,RB,RB,GNB,18
2002,5,136,Jarrod Baxter,FB,RB,HOU,0
2002,5,137,Randy Fasani,QB,QB,CAR,1
2002,5,138,John Owens,TE,TE,DET,0
2002,5,139,Justin Bannan,DT,DL,BUF,36
2002,5,140,Bobby Gray,DB,DB,CHI,6
2002,5,141,Andra Davis,LB,LB,CLE,44
2002,5,142,Terry Charles,WR,WR,SDG,NA
2002,5,143,Scott Fujita,LB,LB,KAN,46
2002,5,144,Herb Haygood,WR,WR,DEN,0
2002,5,145,Kyle Johnson,RB,RB,CAR,4
2002,5,146,Rocky Bernard,DT,DL,SEA,35
2002,5,147,Kenyon Coleman,DE,DL,OAK,38
2002,5,148,Kevin McCadam,DB,DB,ATL,6
2002,5,149,Jason McAddley,WR,WR,ARI,4
2002,5,150,Mel Mitchell,DB,DB,NOR,4
2002,5,151,Jake Schifino,WR,WR,TEN,0
2002,5,152,Nick Greisen,LB,LB,NYG,21
2002,5,153,Ramon Walker,DB,DB,HOU,3
2002,5,154,Jonathan Goodwin,G,OL,NYJ,59
2002,5,155,Terry Jones,TE,TE,BAL,5
2002,5,156,Aaron Kampman,DE,DL,GNB,55
2002,5,157,Jermaine Phillips,DB,DB,TAM,32
2002,5,158,Kurt Kittner,QB,QB,ATL,1
2002,5,159,Andre Lott,DB,DB,WAS,4
2002,5,160,Robert Royal,TE,TE,WAS,9
2002,5,161,Omare Lowe,DB,DB,MIA,2
2002,5,162,Freddie Milons,WR,WR,PHI,NA
2002,5,163,Brandon Doman,QB,QB,SFO,NA
2002,5,164,Craig Nall,QB,QB,GNB,1
2002,5,165,Bryan Knight,LB,LB,CHI,4
2002,5,166,Verron Haynes,RB,RB,PIT,9
2002,5,167,Courtland Bullard,LB,LB,STL,2
2002,5,168,Pete Hunter,DB,DB,DAL,5
2002,5,169,Ryan Hannam,TE,TE,SEA,2
2002,5,170,Sam Simmons,WR,WR,MIA,0
2002,5,171,Matt Hill,T,OL,SEA,3
2002,5,172,Josh Shaw,DT,DL,SFO,1
2002,6,173,Demarcus Faggins,DB,DB,HOU,14
2002,6,174,Keith Heinrich,TE,TE,CAR,1
2002,6,175,Chris Cash,DB,DB,DET,7
2002,6,176,Kevin Thomas,DB,DB,BUF,5
2002,6,177,Nick Rogers,LB,LB,MIN,7
2002,6,178,Matt Anderle,T,OL,SDG,NA
2002,6,179,Tyson Walter,C,OL,DAL,4
2002,6,180,Clenton Ballard,DT,DL,JAX,NA
2002,6,181,Marquand Manuel,DB,DB,CIN,22
2002,6,182,David Pugh,DT,DL,IND,1
2002,6,183,James Lewis,DB,DB,IND,NA
2002,6,184,Kahlil Hill,WR,WR,ATL,0
2002,6,185,Josh Scobey,RB,RB,ARI,3
2002,6,186,J.T. O'Sullivan,QB,QB,NOR,6
2002,6,187,Justin Hartwig,C,OL,TEN,41
2002,6,188,Wesly Mallard,LB,LB,NYG,3
2002,6,189,Keyon Nash,DB,DB,OAK,0
2002,6,190,Howard Green,DT,DL,HOU,11
2002,6,191,Jeb Putzier,TE,TE,DEN,12
2002,6,192,Reggie Coleman,T,OL,WAS,NA
2002,6,193,John Stamper,DE,DL,TAM,0
2002,6,194,Craig Jarrett,P,P,SEA,0
2002,6,195,Lamont Brightful,DB,DB,BAL,4
2002,6,196,John Gilmore,TE,TE,NOR,3
2002,6,197,Larry Ned,RB,RB,OAK,0
2002,6,198,Tyreo Harrison,LB,LB,PHI,1
2002,6,199,Adrian Peterson,RB,RB,CHI,11
2002,6,200,Mike Houghton,G,OL,GNB,0
2002,6,201,Mark Anelli,TE,TE,SFO,0
2002,6,202,Lee Mays,WR,WR,PIT,2
2002,6,203,Jamin Elliott,WR,WR,CHI,0
2002,6,204,Brian Allen,RB,RB,IND,0
2002,6,205,Steve Bellisari,QB,QB,STL,NA
2002,6,206,Javin Hunter,WR,WR,BAL,0
2002,6,207,Chester Taylor,RB,RB,BAL,41
2002,6,208,DeVeren Johnson,WR,WR,DAL,NA
2002,6,209,Chad Williams,DB,DB,BAL,9
2002,6,210,Bryan Fletcher,TE,TE,CHI,8
2002,6,211,Bob Slowikowski,TE,TE,DAL,NA
2002,7,212,LaVar Glover,DB,DB,PIT,0
2002,7,213,Pete Campion,G,OL,CAR,NA
2002,7,214,Luke Staley,RB,RB,DET,NA
2002,7,215,Mike Pucillo,G,OL,BUF,9
2002,7,216,Seth Burford,QB,QB,SDG,NA
2002,7,217,Michael Coleman,WR,WR,ATL,NA
2002,7,218,Chad Beasley,T,OL,MIN,2
2002,7,219,Joey Evans,DE,DL,CIN,NA
2002,7,220,Josh Mallard,DE,DL,IND,5
2002,7,221,Maurice Rodriguez,LB,LB,KAN,NA
2002,7,222,Kendall Newson,WR,WR,JAX,1
2002,7,223,Mike Banks,TE,TE,ARI,0
2002,7,224,Derrius Monroe,DE,DL,NOR,NA
2002,7,225,Darrell Hill,WR,WR,TEN,0
2002,7,226,Daryl Jones,WR,WR,NYG,1
2002,7,227,Joaquin Gonzalez,T,OL,CLE,9
2002,7,228,Chris Young,DB,DB,DEN,2
2002,7,229,Stylez G. White,DE,DL,HOU,15
2002,7,230,Jeff Grau,C,OL,WAS,4
2002,7,231,Monsanto Pope,DT,DL,DEN,12
2002,7,232,Jeff Kelly,QB,QB,SEA,NA
2002,7,233,Tim Wansley,DB,DB,TAM,4
2002,7,234,Greg Scott,DE,DL,WAS,0
2002,7,235,Ronald Curry,WR,WR,OAK,16
2002,7,236,Wes Pate,QB,QB,BAL,NA
2002,7,237,Antwoine Womack,RB,RB,NWE,NA
2002,7,238,Raheem Brock,DE,DL,PHI,43
2002,7,239,Eric Heitmann,G,OL,SFO,40
2002,7,240,Carlos Hall,DE,DL,TEN,17
2002,7,241,Leonard Henry,RB,RB,MIA,1
2002,7,242,Brett Keisel,DE,DL,PIT,58
2002,7,243,Chris Massey,RB,RB,STL,13
2002,7,244,Kevin Shaffer,T,OL,ATL,37
2002,7,245,Quincy Monk,LB,LB,NYG,1
2002,7,246,Steve Smith,DB,DB,JAX,0
2002,7,247,Hayden Epstein,K,K,JAX,0
2002,7,248,Kyle Kosier,G,OL,SFO,51
2002,7,249,Rodney Wright,WR,WR,BUF,NA
2002,7,250,Tracey Wistrom,TE,TE,TAM,NA
2002,7,251,Jarrett Ferguson,RB,RB,BUF,NA
2002,7,252,Matt Murphy,TE,TE,DET,0
2002,7,253,David Givens,WR,WR,NWE,22
2002,7,254,Aaron Lockett,WR,WR,TAM,NA
2002,7,255,Zack Quaccia,C,OL,TAM,NA
2002,7,256,Teddy Gaines,DB,DB,SFO,NA
2002,7,257,Rock Cartwright,FB,RB,WAS,9
2002,7,258,Brad Franklin,DB,DB,CAR,0
2002,7,259,Victor Rogers,T,OL,DET,0
2002,7,260,Dominique Stevenson,LB,LB,BUF,2
2002,7,261,Ahmad Miller,DT,DL,HOU,NA
2003,1,1,Carson Palmer,QB,QB,CIN,107
2003,1,2,Charles Rogers,WR,WR,DET,4
2003,1,3,Andre Johnson,WR,WR,HOU,94
2003,1,4,Dewayne Robertson,DT,DL,NYJ,34
2003,1,5,Terence Newman,DB,DB,DAL,70
2003,1,6,Johnathan Sullivan,DT,DL,NOR,10
2003,1,7,Byron Leftwich,QB,QB,JAX,33
2003,1,8,Jordan Gross,T,OL,CAR,69
2003,1,9,Kevin Williams,DT,DL,MIN,102
2003,1,10,Terrell Suggs,LB,LB,BAL,110
2003,1,11,Marcus Trufant,DB,DB,SEA,49
2003,1,12,Jimmy Kennedy,DT,DL,STL,16
2003,1,13,Ty Warren,DE,DL,NWE,45
2003,1,14,Michael Haynes,DE,DL,CHI,8
2003,1,15,Jerome McDougle,DE,DL,PHI,3
2003,1,16,Troy Polamalu,DB,DB,PIT,96
2003,1,17,Bryant Johnson,WR,WR,ARI,26
2003,1,18,Calvin Pace,DE,DL,ARI,61
2003,1,19,Kyle Boller,QB,QB,BAL,16
2003,1,20,George Foster,T,OL,DEN,31
2003,1,21,Jeff Faine,C,OL,CLE,45
2003,1,22,Rex Grossman,QB,QB,CHI,23
2003,1,23,Willis McGahee,RB,RB,BUF,56
2003,1,24,Dallas Clark,TE,TE,IND,51
2003,1,25,William Joseph,DT,DL,NYG,11
2003,1,26,Kwame Harris,T,OL,SFO,22
2003,1,27,Larry Johnson,RB,RB,KAN,51
2003,1,28,Andre Woolfolk,DB,DB,TEN,6
2003,1,29,Nick Barnett,LB,LB,GNB,60
2003,1,30,Sammy Davis,DB,DB,SDG,12
2003,1,31,Nnamdi Asomugha,DB,DB,OAK,64
2003,1,32,Tyler Brayton,DE,DL,OAK,40
2003,2,33,Eric Steinbach,G,OL,CIN,48
2003,2,34,Boss Bailey,LB,LB,DET,22
2003,2,35,Charles Tillman,DB,DB,CHI,66
2003,2,36,Eugene Wilson,DB,DB,NWE,29
2003,2,37,Jon Stinchcomb,T,OL,NOR,45
2003,2,38,Al Johnson,C,OL,DAL,23
2003,2,39,Rashean Mathis,DB,DB,JAX,64
2003,2,40,E.J. Henderson,LB,LB,MIN,47
2003,2,41,Bennie Joppru,TE,TE,HOU,0
2003,2,42,Ken Hamlin,DB,DB,SEA,37
2003,2,43,Pisa Tinoisamoa,LB,LB,STL,35
2003,2,44,Taylor Jacobs,WR,WR,WAS,2
2003,2,45,Bethel Johnson,WR,WR,NWE,8
2003,2,46,Drayton Florence,DB,DB,SDG,34
2003,2,47,Kawika Mitchell,LB,LB,KAN,37
2003,2,48,Chris Kelsay,DE,DL,BUF,46
2003,2,49,Eddie Moore,LB,LB,MIA,3
2003,2,50,Bruce Nelson,G,OL,CAR,2
2003,2,51,Terry Pierce,LB,LB,DEN,1
2003,2,52,Chaun Thompson,LB,LB,CLE,17
2003,2,53,Victor Hobson,LB,LB,NYJ,26
2003,2,54,Anquan Boldin,WR,WR,ARI,86
2003,2,55,Bryan Scott,DB,DB,ATL,34
2003,2,56,Osi Umenyiora,DE,DL,NYG,63
2003,2,57,Anthony Adams,DT,DL,SFO,33
2003,2,58,Mike Doss,DB,DB,IND,17
2003,2,59,Alonzo Jackson,LB,LB,PIT,2
2003,2,60,Tyrone Calico,WR,WR,TEN,5
2003,2,61,L.J. Smith,TE,TE,PHI,21
2003,2,62,Terrence Kiel,DB,DB,SDG,17
2003,2,63,Teyo Johnson,TE,TE,OAK,2
2003,2,64,Dewayne White,DE,DL,TAM,24
2003,3,65,Kelley Washington,WR,WR,CIN,13
2003,3,66,Cory Redding,DE,DL,DET,54
2003,3,67,Antwan Peek,LB,LB,HOU,12
2003,3,68,Lance Briggs,LB,LB,CHI,98
2003,3,69,Jason Witten,TE,TE,DAL,80
2003,3,70,Gerald Hayes,LB,LB,ARI,27
2003,3,71,Nate Burleson,WR,WR,MIN,45
2003,3,72,Vince Manuwai,G,OL,JAX,49
2003,3,73,Wayne Hunter,T,OL,SEA,13
2003,3,74,Kevin Curtis,WR,WR,STL,25
2003,3,75,Seth Wand,T,OL,HOU,10
2003,3,76,Mike Seidman,TE,TE,CAR,1
2003,3,77,Musa Smith,RB,RB,BAL,6
2003,3,78,Wade Smith,T,OL,MIA,43
2003,3,79,Kenny Peterson,DT,DL,GNB,11
2003,3,80,Courtney Van Buren,T,OL,SDG,3
2003,3,81,Derrick Dockery,G,OL,WAS,44
2003,3,82,Ricky Manning,DB,DB,CAR,22
2003,3,83,Sam Williams,DE,DL,OAK,13
2003,3,84,Chris Crocker,DB,DB,CLE,42
2003,3,85,B.J. Askew,FB,RB,NYJ,4
2003,3,86,Cie Grant,LB,LB,NOR,1
2003,3,87,Taylor Whitley,G,OL,MIA,4
2003,3,88,Dave Ragone,QB,QB,HOU,1
2003,3,89,Andrew Williams,DE,DL,SFO,1
2003,3,90,Donald Strickland,DB,DB,IND,12
2003,3,91,Visanthe Shiancoe,TE,TE,NYG,23
2003,3,92,Julian Battle,DB,DB,KAN,2
2003,3,93,Chris Brown,RB,RB,TEN,24
2003,3,94,Angelo Crowell,LB,LB,BUF,18
2003,3,95,Billy McMullen,WR,WR,PHI,5
2003,3,96,Justin Fargas,FB,RB,OAK,20
2003,3,97,Chris Simms,QB,QB,TAM,8
2003,4,98,Dennis Weathersby,DB,DB,CIN,0
2003,4,99,Artose Pinner,RB,RB,DET,8
2003,4,100,Todd Johnson,DB,DB,CHI,13
2003,4,101,Domanick Williams,RB,RB,HOU,33
2003,4,102,Montrae Holland,G,OL,NOR,30
2003,4,103,Bradie James,LB,LB,DAL,53
2003,4,104,George Wrighster,TE,TE,JAX,8
2003,4,105,Onterrio Smith,RB,RB,MIN,14
2003,4,106,Shaun McDonald,WR,WR,STL,19
2003,4,107,DeJuan Groce,DB,DB,STL,10
2003,4,108,Quentin Griffin,RB,RB,DEN,6
2003,4,109,Jarret Johnson,DE,DL,BAL,55
2003,4,110,Seneca Wallace,QB,QB,SEA,14
2003,4,111,Terrence McGee,DB,DB,BUF,49
2003,4,112,Matt Wilhelm,LB,LB,SDG,18
2003,4,113,Brett Williams,T,OL,KAN,0
2003,4,114,Nick Eason,DT,DL,DEN,16
2003,4,115,Lee Suggs,RB,RB,CLE,8
2003,4,116,Ian Scott,DT,DL,CHI,22
2003,4,117,Dan Klecko,DT,DL,NWE,8
2003,4,118,Jeremi Johnson,FB,RB,CIN,4
2003,4,119,Colin Branch,DB,DB,CAR,8
2003,4,120,Asante Samuel,DB,DB,NWE,74
2003,4,121,Justin Griffith,FB,RB,ATL,11
2003,4,122,Steve Sciullo,G,OL,IND,13
2003,4,123,Roderick Babers,DB,DB,NYG,0
2003,4,124,Brandon Lloyd,WR,WR,SFO,41
2003,4,125,Ike Taylor,DB,DB,PIT,53
2003,4,126,Rien Long,DT,DL,TEN,5
2003,4,127,Sam Aiken,WR,WR,BUF,7
2003,4,128,Bryant McNeal,DE,DL,DEN,NA
2003,4,129,Shurron Pierson,DE,DL,OAK,0
2003,4,130,Lance Nimmo,T,OL,TAM,NA
2003,4,131,Jamaal Green,DE,DL,PHI,1
2003,4,132,LaBrandon Toefield,RB,RB,JAX,5
2003,4,133,Austin King,C,OL,TAM,3
2003,4,134,Ovie Mughelli,FB,RB,BAL,6
2003,4,135,Solomon Bates,LB,LB,SEA,2
2003,5,136,Khalid Abdullah,LB,LB,CIN,1
2003,5,137,Terrence Holt,DB,DB,DET,18
2003,5,138,Robert Mathis,DE,DL,IND,67
2003,5,139,Bobby Wade,WR,WR,CHI,22
2003,5,140,Derek Pagel,DB,DB,NYJ,1
2003,5,141,Kenny King,DE,DL,ARI,1
2003,5,142,Ryan Pontbriand,C,OL,CLE,18
2003,5,143,Justin Gage,WR,WR,CHI,25
2003,5,144,James Davis,LB,LB,DET,13
2003,5,145,Kindal Moorehead,DT,DL,CAR,14
2003,5,146,Aubrayo Franklin,DT,DL,BAL,42
2003,5,147,James Lee,DT,DL,GNB,1
2003,5,148,Dan Curley,FB,RB,STL,0
2003,5,149,Mike Scifres,P,P,SDG,23
2003,5,150,Matt Walters,DE,DL,NYJ,1
2003,5,151,Ben Sobieski,T,OL,BUF,0
2003,5,152,Michael Lehan,DB,DB,CLE,9
2003,5,153,Jordan Black,T,OL,KAN,24
2003,5,154,Donnie Nickey,DB,DB,TEN,8
2003,5,155,Melvin Williams,DE,DL,NOR,2
2003,5,156,Donald Lee,TE,TE,MIA,17
2003,5,157,Ben Claxton,G,OL,DEN,0
2003,5,158,Adrian Madise,WR,WR,DEN,0
2003,5,159,Jon Olinger,WR,WR,ATL,NA
2003,5,160,David Diehl,G,OL,NYG,67
2003,5,161,Aaron Walker,TE,TE,SFO,3
2003,5,162,Keyon Whiteside,LB,LB,IND,0
2003,5,163,Brian St. Pierre,QB,QB,PIT,0
2003,5,164,Dan Koppen,C,OL,NWE,72
2003,5,165,Chris Davis,FB,RB,SEA,0
2003,5,166,Hunter Hillenmeyer,LB,LB,GNB,34
2003,5,167,Doug Gabriel,WR,WR,OAK,14
2003,5,168,Sean Mahan,G,OL,TAM,24
2003,5,169,J.R. Tolver,WR,WR,MIA,NA
2003,5,170,Shane Walton,DB,DB,STL,0
2003,5,171,Tron LaFavor,DT,DL,CHI,0
2003,5,172,Kevin Garrett,DB,DB,STL,2
2003,5,173,Tony Pashos,T,OL,BAL,34
2003,6,174,Langston Moore,DT,DL,CIN,7
2003,6,175,David Kircus,WR,WR,DET,3
2003,6,176,Brandon Green,DE,DL,JAX,5
2003,6,177,Reggie Wells,G,OL,ARI,40
2003,6,178,B.J. Tucker,DB,DB,DAL,0
2003,6,179,David Young,DB,DB,JAX,0
2003,6,180,Eddie Johnson,P,P,MIN,1
2003,6,181,Corey Jenkins,LB,LB,MIA,1
2003,6,182,Gerome Sapp,DB,DB,BAL,6
2003,6,183,Rashad Moore,DT,DL,SEA,11
2003,6,184,Scott Tercero,G,OL,STL,2
2003,6,185,Jeremy Bridges,G,OL,PHI,23
2003,6,186,Zuriel Smith,WR,WR,DAL,0
2003,6,187,Lauvale Sape,DT,DL,BUF,1
2003,6,188,Hanik Milligan,DB,DB,SDG,6
2003,6,189,Jimmy Wilkerson,DE,DL,KAN,17
2003,6,190,Mike Nattiel,LB,LB,MIN,3
2003,6,191,Joe Odom,LB,LB,CHI,6
2003,6,192,Drew Henson,QB,QB,HOU,0
2003,6,193,Marques Ogden,T,OL,JAX,NA
2003,6,194,Aaron Hunt,DE,DL,DEN,NA
2003,6,195,Antonio Garay,DE,DL,CLE,15
2003,6,196,LaTarence Dunbar,WR,WR,ATL,0
2003,6,197,Arnaz Battle,WR,WR,SFO,18
2003,6,198,Cato June,LB,LB,IND,38
2003,6,199,Willie Ponder,WR,WR,NYG,2
2003,6,200,Brooks Bollinger,QB,QB,NYJ,6
2003,6,201,Kliff Kingsbury,QB,QB,NWE,0
2003,6,202,Waine Bacon,DB,DB,ATL,1
2003,6,203,Kareem Kelly,WR,WR,NOR,NA
2003,6,204,Dustin Rykert,T,OL,OAK,NA
2003,6,205,Torrie Cox,DB,DB,TAM,5
2003,6,206,Brock Forsey,RB,RB,CHI,2
2003,6,207,Frank Walker,DB,DB,NYG,14
2003,6,208,Makoa Freitas,T,OL,IND,7
2003,6,209,Tim Provost,T,OL,MIA,NA
2003,6,210,Tony Gilbert,LB,LB,ARI,6
2003,6,211,David Tyree,WR,WR,NYG,5
2003,6,212,Brennan Curtin,T,OL,GNB,NA
2003,6,213,Yeremiah Bell,DB,DB,MIA,40
2003,6,214,Keith Wright,DT,DL,HOU,NA
2003,7,215,Scott Kooistra,T,OL,CIN,6
2003,7,216,Ben Johnson,T,OL,DET,NA
2003,7,217,Curry Burns,DB,DB,HOU,1
2003,7,218,Malaefou MacKenzie,FB,RB,JAX,0
2003,7,219,Justin Bates,G,OL,DAL,NA
2003,7,220,Blue Adams,DB,DB,DET,3
2003,7,221,Keenan Howry,WR,WR,MIN,0
2003,7,222,Josh Brown,K,K,SEA,34
2003,7,223,Trent Smith,TE,TE,BAL,0
2003,7,224,Taco Wallace,WR,WR,SEA,0
2003,7,225,Todd Williams,G,OL,TEN,0
2003,7,226,Walter Young,WR,WR,CAR,0
2003,7,227,Clint Mitchell,DE,DL,DEN,NA
2003,7,228,Mario Haggan,LB,LB,BUF,21
2003,7,229,Andrew Pinnock,FB,RB,SDG,1
2003,7,230,Montique Sharpe,DT,DL,KAN,0
2003,7,231,Talman Gardner,WR,WR,NOR,0
2003,7,232,Gibran Hamdan,QB,QB,WAS,0
2003,7,233,Chance Pearce,C,OL,HOU,NA
2003,7,234,Spencer Nead,FB,RB,NWE,0
2003,7,235,Ahmaad Galloway,RB,RB,DEN,NA
2003,7,236,Brandon Drumm,RB,RB,DET,NA
2003,7,237,Dave Yovanovits,G,OL,NYJ,0
2003,7,238,Demetrin Veal,DE,DL,ATL,4
2003,7,239,Tully Banta-Cain,LB,LB,NWE,22
2003,7,240,Charles Drake,DB,DB,NYG,NA
2003,7,241,Ken Dorsey,QB,QB,SFO,2
2003,7,242,J.T. Wall,RB,RB,PIT,NA
2003,7,243,Ethan Kelley,DT,DL,NWE,6
2003,7,244,Norman LeJeune,DB,DB,PHI,0
2003,7,245,Chris Johnson,DB,DB,GNB,15
2003,7,246,Siddeeq Shabazz,DB,DB,OAK,2
2003,7,247,Casey Moore,RB,RB,CAR,NA
2003,7,248,Davern Williams,DT,DL,MIA,1
2003,7,249,Wayne Lucier,G,OL,NYG,9
2003,7,250,Mike Mabry,C,OL,BAL,NA
2003,7,251,Scott Shanle,LB,LB,STL,41
2003,7,252,Willie Pile,DB,DB,KAN,3
2003,7,253,DeAndrew Rubin,WR,WR,GNB,NA
2003,7,254,Richard Angulo,TE,TE,STL,2
2003,7,255,Kevin Walter,WR,WR,NYG,37
2003,7,256,Carl Ford,WR,WR,GNB,0
2003,7,257,Steve Josue,LB,LB,GNB,0
2003,7,258,Antwoine Sanders,DB,DB,BAL,NA
2003,7,259,Elton Patterson,DE,DL,CIN,1
2003,7,260,Travis Anglin,WR,WR,DET,NA
2003,7,261,Bryan Anderson,G,OL,CHI,0
2003,7,262,Ryan Hoag,WR,WR,OAK,NA
2004,1,1,Eli Manning,QB,QB,SDG,121
2004,1,2,Robert Gallery,T,OL,OAK,38
2004,1,3,Larry Fitzgerald,WR,WR,ARI,93
2004,1,4,Philip Rivers,QB,QB,NYG,150
2004,1,5,Sean Taylor,DB,DB,WAS,32
2004,1,6,Kellen Winslow,TE,TE,CLE,37
2004,1,7,Roy Williams,WR,WR,DET,42
2004,1,8,DeAngelo Hall,DB,DB,ATL,61
2004,1,9,Reggie Williams,WR,WR,JAX,23
2004,1,10,Dunta Robinson,DB,DB,HOU,41
2004,1,11,Ben Roethlisberger,QB,QB,PIT,131
2004,1,12,Jonathan Vilma,LB,LB,NYJ,56
2004,1,13,Lee Evans,WR,WR,BUF,47
2004,1,14,Tommie Harris,DT,DL,CHI,56
2004,1,15,Michael Clayton,WR,WR,TAM,22
2004,1,16,Shawn Andrews,G,OL,PHI,35
2004,1,17,D.J. Williams,LB,LB,DEN,48
2004,1,18,Will Smith,DE,DL,NOR,52
2004,1,19,Vernon Carey,T,OL,MIA,44
2004,1,20,Kenechi Udeze,DE,DL,MIN,20
2004,1,21,Vince Wilfork,NT,DL,NWE,90
2004,1,22,J.P. Losman,QB,QB,BUF,19
2004,1,23,Marcus Tubbs,DT,DL,SEA,9
2004,1,24,Steven Jackson,RB,RB,STL,75
2004,1,25,Ahmad Carroll,DB,DB,GNB,14
2004,1,26,Chris Perry,RB,RB,CIN,9
2004,1,27,Jason Babin,LB,LB,HOU,46
2004,1,28,Chris Gamble,DB,DB,CAR,44
2004,1,29,Michael Jenkins,WR,WR,ATL,39
2004,1,30,Kevin Jones,RB,RB,DET,27
2004,1,31,Rashaun Woods,WR,WR,SFO,1
2004,1,32,Ben Watson,TE,TE,NWE,40
2004,2,33,Karlos Dansby,LB,LB,ARI,81
2004,2,34,Chris Snee,G,OL,NYG,75
2004,2,35,Igor Olshansky,DE,DL,SDG,39
2004,2,36,Junior Siavii,DT,DL,KAN,6
2004,2,37,Teddy Lehman,LB,LB,DET,9
2004,2,38,Ricardo Colclough,DB,DB,PIT,2
2004,2,39,Daryl Smith,LB,LB,JAX,72
2004,2,40,Ben Troupe,TE,TE,TEN,8
2004,2,41,Tatum Bell,RB,RB,DEN,22
2004,2,42,Travis LaBoy,DE,DL,TEN,21
2004,2,43,Julius Jones,RB,RB,DAL,38
2004,2,44,Bob Sanders,DB,DB,IND,33
2004,2,45,Jake Grove,C,OL,OAK,20
2004,2,46,Justin Smiley,G,OL,SFO,30
2004,2,47,Tank Johnson,DT,DL,CHI,22
2004,2,48,Dontarrious Thomas,LB,LB,MIN,8
2004,2,49,Keiwan Ratliff,DB,DB,CIN,9
2004,2,50,Devery Henderson,WR,WR,NOR,36
2004,2,51,Dwan Edwards,DT,DL,BAL,32
2004,2,52,Jacob Rogers,T,OL,DAL,0
2004,2,53,Michael Boulware,DB,DB,SEA,16
2004,2,54,Darius Watts,WR,WR,DEN,4
2004,2,55,Greg Jones,RB,RB,JAX,9
2004,2,56,Madieu Williams,DB,DB,CIN,33
2004,2,57,Antwan Odom,DE,DL,TEN,24
2004,2,58,Shawntae Spencer,DB,DB,SFO,26
2004,2,59,Sean Jones,DB,DB,CLE,31
2004,2,60,Courtney Watson,LB,LB,NOR,7
2004,2,61,Kris Wilson,TE,TE,KAN,3
2004,2,62,Keary Colbert,WR,WR,CAR,14
2004,2,63,Marquise Hill,DE,DL,NWE,1
2004,3,64,Darnell Dockett,DT,DL,ARI,69
2004,3,65,Nate Kaeding,K,K,SDG,21
2004,3,66,Nick Hardwick,C,OL,SDG,67
2004,3,67,Stuart Schweigert,DB,DB,OAK,15
2004,3,68,Ben Hartsock,TE,TE,IND,2
2004,3,69,Gilbert Gardner,LB,LB,IND,8
2004,3,70,Joey Thomas,DB,DB,GNB,3
2004,3,71,Randy Starks,DT,DL,TEN,61
2004,3,72,Donnell Washington,DT,DL,GNB,NA
2004,3,73,Keith Smith,DB,DB,DET,6
2004,3,74,Tim Anderson,DT,DL,BUF,7
2004,3,75,Max Starks,T,OL,PIT,44
2004,3,76,Derrick Strait,DB,DB,NYJ,4
2004,3,77,Derrick Hamilton,WR,WR,SFO,0
2004,3,78,Bernard Berrian,WR,WR,CHI,32
2004,3,79,Marquis Cooper,LB,LB,TAM,2
2004,3,80,Caleb Miller,LB,LB,CIN,8
2004,3,81,Chris Cooley,TE,TE,WAS,34
2004,3,82,Devard Darling,WR,WR,BAL,4
2004,3,83,Stephen Peterman,G,OL,DAL,34
2004,3,84,Sean Locklear,T,OL,SEA,39
2004,3,85,Jeremy LeSueur,DB,DB,DEN,0
2004,3,86,Jorge Cordova,LB,LB,JAX,1
2004,3,87,B.J. Sander,P,P,GNB,1
2004,3,88,Darrion Scott,DE,DL,MIN,15
2004,3,89,Matt Ware,DB,DB,PHI,6
2004,3,90,Matt Schaub,QB,QB,ATL,68
2004,3,91,Anthony Hargrove,DE,DL,STL,16
2004,3,92,Rich Gardner,DB,DB,TEN,2
2004,3,93,Keyaron Fox,LB,LB,KAN,13
2004,3,94,Travelle Wharton,T,OL,CAR,45
2004,3,95,Guss Scott,DB,DB,NWE,1
2004,3,96,Landon Johnson,LB,LB,CIN,28
2004,4,97,Reggie Torbor,LB,LB,NYG,17
2004,4,98,Shaun Phillips,DE,DL,SDG,54
2004,4,99,Carlos Francis,WR,WR,OAK,0
2004,4,100,Alex Stepanovich,C,OL,ARI,14
2004,4,101,Demorrio Williams,LB,LB,ATL,33
2004,4,102,Will Poole,DB,DB,MIA,1
2004,4,103,Bo Schobel,DE,DL,TEN,3
2004,4,104,Isaac Sopoaga,DT,DL,SFO,38
2004,4,105,Samie Parker,WR,WR,KAN,13
2004,4,106,Luke McCown,QB,QB,CLE,8
2004,4,107,Kendyll Pope,LB,LB,IND,0
2004,4,108,Jerricho Cotchery,WR,WR,NYJ,51
2004,4,109,Tim Euhus,TE,TE,BUF,1
2004,4,110,Nathan Vasher,DB,DB,CHI,30
2004,4,111,Will Allen,DB,DB,TAM,24
2004,4,112,Leon Joe,LB,LB,CHI,4
2004,4,113,Dexter Reid,DB,DB,NWE,4
2004,4,114,Matthias Askew,DT,DL,CIN,0
2004,4,115,Nat Dorsey,T,OL,MIN,7
2004,4,116,Niko Koutouvides,LB,LB,SEA,8
2004,4,117,Robert Geathers,DE,DL,CIN,46
2004,4,118,Anthony Maddox,DT,DL,JAX,7
2004,4,119,Mewelde Moore,RB,RB,MIN,29
2004,4,120,Ernest Wilford,WR,WR,JAX,22
2004,4,121,Bruce Thornton,DB,DB,DAL,4
2004,4,122,Glenn Earl,DB,DB,HOU,10
2004,4,123,Stacy Andrews,T,OL,CIN,23
2004,4,124,Michael Waddell,DB,DB,TEN,4
2004,4,125,Jason David,DB,DB,IND,24
2004,4,126,Jared Allen,DE,DL,KAN,101
2004,4,127,Richard Seigler,LB,LB,SFO,0
2004,4,128,Cedric Cobbs,RB,RB,NWE,0
2004,4,129,J.R. Reed,DB,DB,PHI,3
2004,4,130,Brandon Chillar,LB,LB,STL,22
2004,4,131,Trey Darilek,G,OL,PHI,1
2004,4,132,Adrian Jones,T,OL,NYJ,12
2004,5,133,Dave Ball,DE,DL,SDG,15
2004,5,134,Johnnie Morant,WR,WR,OAK,0
2004,5,135,Antonio Smith,DE,DL,ARI,56
2004,5,136,Gibril Wilson,DB,DB,NYG,32
2004,5,137,Josh Scobee,K,K,JAX,26
2004,5,138,Jacob Bell,G,OL,TEN,32
2004,5,139,Rodney Leisle,DT,DL,NOR,2
2004,5,140,Alex Lewis,LB,LB,DET,7
2004,5,141,Jake Scott,G,OL,IND,58
2004,5,142,Chad Lavalais,DT,DL,ATL,9
2004,5,143,Erik Coleman,DB,DB,NYJ,33
2004,5,144,Sean Ryan,TE,TE,DAL,1
2004,5,145,Nathaniel Adibi,DE,DL,PIT,NA
2004,5,146,Jeb Terry,G,OL,TAM,2
2004,5,147,Claude Harriott,DE,DL,CHI,NA
2004,5,148,Craig Krenzel,QB,QB,CHI,1
2004,5,149,Maurice Mann,WR,WR,CIN,0
2004,5,150,Chris Thompson,DB,DB,JAX,1
2004,5,151,Mark Wilson,TE,TE,WAS,0
2004,5,152,Jeff Shoate,DB,DB,DEN,0
2004,5,153,Roderick Green,LB,LB,BAL,6
2004,5,154,Michael Turner,RB,RB,SDG,55
2004,5,155,Rod Davis,LB,LB,MIN,3
2004,5,156,Mike Karney,FB,RB,NOR,2
2004,5,157,D.J. Hackett,WR,WR,SEA,14
2004,5,158,Jason Shivers,DB,DB,STL,0
2004,5,159,Sean Bubin,T,OL,JAX,NA
2004,5,160,Tony Bua,LB,LB,MIA,1
2004,5,161,Amon Gordon,DT,DL,CLE,4
2004,5,162,Thomas Tapeh,FB,RB,PHI,2
2004,5,163,Drew Carter,WR,WR,CAR,8
2004,5,164,P.K. Sam,WR,WR,NWE,0
2004,5,165,Robert Reynolds,LB,LB,TEN,2
2004,6,166,Shawn Johnson,DE,DL,OAK,NA
2004,6,167,Nick Leckey,C,OL,ARI,14
2004,6,168,Jamaar Taylor,WR,WR,NYG,1
2004,6,169,Ryan Krause,TE,TE,SDG,1
2004,6,170,Vontez Duff,DB,DB,HOU,NA
2004,6,171,Triandos Luke,WR,WR,DEN,0
2004,6,172,Kelly Butler,T,OL,DET,8
2004,6,173,Von Hutchins,DB,DB,IND,5
2004,6,174,Rex Hadnot,G,OL,MIA,35
2004,6,175,Jammal Lord,DB,DB,HOU,0
2004,6,176,Kirk Chambers,T,OL,CLE,9
2004,6,177,Bo Lacy,T,OL,PIT,NA
2004,6,178,Marko Cavka,T,OL,NYJ,NA
2004,6,179,Corey Williams,DT,DL,GNB,33
2004,6,180,Jim Molinaro,T,OL,WAS,1
2004,6,181,Nate Lawrie,TE,TE,TAM,0
2004,6,182,Cody Spencer,LB,LB,OAK,4
2004,6,183,Greg Brooks,DB,DB,CIN,1
2004,6,184,Deandre Eiland,DB,DB,MIN,NA
2004,6,185,Andy Hall,QB,QB,PHI,NA
2004,6,186,Etric Pruitt,DB,DB,ATL,0
2004,6,187,Josh Harris,QB,QB,BAL,NA
2004,6,188,Andy Lee,P,P,SFO,34
2004,6,189,Craig Terrill,DT,DL,SEA,9
2004,6,190,Josh Sewell,C,OL,DEN,NA
2004,6,191,Troy Fleming,RB,RB,TEN,3
2004,6,192,Dexter Wynn,DB,DB,PHI,4
2004,6,193,Jim Sorgi,QB,QB,IND,5
2004,6,194,Matt Kranchick,TE,TE,PIT,0
2004,6,195,Jeris McIntyre,WR,WR,KAN,NA
2004,6,196,Sean Tufts,LB,LB,CAR,1
2004,6,197,Drew Caylor,C,OL,PIT,NA
2004,6,198,Keith Lewis,DB,DB,SFO,8
2004,6,199,Clarence Moore,WR,WR,BAL,2
2004,6,200,Charlie Anderson,LB,LB,HOU,9
2004,6,201,Jeff Smoker,QB,QB,STL,NA
2004,7,202,John Navarre,QB,QB,ARI,0
2004,7,203,Drew Strojny,T,OL,NYG,NA
2004,7,204,Ryon Bingham,DT,DL,SDG,6
2004,7,205,Nate Jones,DB,DB,DAL,9
2004,7,206,Mark Jones,WR,WR,TAM,0
2004,7,207,Dylan McFarland,T,OL,BUF,0
2004,7,208,Adimchinobe Echemandu,RB,RB,CLE,1
2004,7,209,Shane Olivea,T,OL,SDG,31
2004,7,210,Raheem Orr,LB,LB,HOU,0
2004,7,211,Sloan Thomas,WR,WR,HOU,0
2004,7,212,Eric Taylor,DT,DL,PIT,0
2004,7,213,Darrell McClover,LB,LB,NYJ,4
2004,7,214,Jonathan Smith,WR,WR,BUF,2
2004,7,215,Alfonso Marshall,DB,DB,CHI,0
2004,7,216,Patrick Crayton,WR,WR,DAL,33
2004,7,217,Cody Pickett,QB,QB,SFO,1
2004,7,218,Casey Bramlet,QB,QB,CIN,NA
2004,7,219,Quincy Wilson,RB,RB,ATL,0
2004,7,220,Jeff Dugan,TE,TE,MIN,2
2004,7,221,Tony Pape,G,OL,MIA,NA
2004,7,222,Derrick Pope,LB,LB,MIA,10
2004,7,223,Jacques Reeves,DB,DB,DAL,15
2004,7,224,Donnie Jones,P,P,SEA,27
2004,7,225,Matt Mauck,QB,QB,DEN,1
2004,7,226,Christian Ferrara,DT,DL,SFO,NA
2004,7,227,Adrien Clarke,G,OL,PHI,8
2004,7,228,Casey Cramer,RB,RB,TAM,0
2004,7,229,David Kimball,K,K,IND,NA
2004,7,230,Jared Clauss,DT,DL,TEN,3
2004,7,231,Kevin Sampson,T,OL,KAN,5
2004,7,232,Michael Gaines,TE,TE,CAR,7
2004,7,233,Christian Morton,DB,DB,NWE,2
2004,7,234,Trevor Johnson,DE,DL,NYJ,4
2004,7,235,Derrick Ward,RB,RB,NYJ,25
2004,7,236,Rashad Washington,DB,DB,NYJ,3
2004,7,237,Erik Jensen,TE,TE,STL,NA
2004,7,238,Larry Turner,C,OL,STL,1
2004,7,239,Eugene Amano,C,OL,TEN,30
2004,7,240,Colby Bockwoldt,LB,LB,NOR,12
2004,7,241,Sean McHugh,FB,RB,TEN,2
2004,7,242,Bruce Perry,RB,RB,PHI,0
2004,7,243,Dominic Furio,C,OL,PHI,NA
2004,7,244,Derek Abney,WR,WR,BAL,NA
2004,7,245,Courtney Anderson,TE,TE,OAK,6
2004,7,246,Brian Rimpf,G,OL,BAL,3
2004,7,247,Brandon Miree,RB,RB,DEN,0
2004,7,248,B.J. Symons,QB,QB,HOU,NA
2004,7,249,Bobby McCray,DE,DL,JAX,24
2004,7,250,Bradlee Van Pelt,QB,QB,DEN,0
2004,7,251,Scott Wells,G,OL,GNB,64
2004,7,252,Lenny Williams,DB,DB,TAM,NA
2004,7,253,Isaac Hilton,DE,DL,NYG,NA
2004,7,254,Carlos Joseph,T,OL,SDG,NA
2004,7,255,Andre Sommersell,LB,LB,OAK,NA
2005,1,1,Alex Smith,QB,QB,SFO,98
2005,1,2,Ronnie Brown,RB,RB,MIA,41
2005,1,3,Braylon Edwards,WR,WR,CLE,41
2005,1,4,Cedric Benson,RB,RB,CHI,36
2005,1,5,Cadillac Williams,RB,RB,TAM,28
2005,1,6,Adam Jones,DB,DB,TEN,50
2005,1,7,Troy Williamson,WR,WR,MIN,8
2005,1,8,Antrel Rolle,DB,DB,ARI,57
2005,1,9,Carlos Rogers,DB,DB,WAS,47
2005,1,10,Mike Williams,WR,WR,DET,12
2005,1,11,DeMarcus Ware,LB,LB,DAL,100
2005,1,12,Shawne Merriman,LB,LB,SDG,40
2005,1,13,Jammal Brown,T,OL,NOR,49
2005,1,14,Thomas Davis,LB,LB,CAR,80
2005,1,15,Derrick Johnson,LB,LB,KAN,80
2005,1,16,Travis Johnson,DT,DL,HOU,17
2005,1,17,David Pollack,LB,LB,CIN,3
2005,1,18,Erasmus James,DE,DL,MIN,6
2005,1,19,Alex Barron,T,OL,STL,27
2005,1,20,Marcus Spears,DE,DL,DAL,36
2005,1,21,Matt Jones,WR,WR,JAX,22
2005,1,22,Mark Clayton,WR,WR,BAL,28
2005,1,23,Fabian Washington,DB,DB,OAK,20
2005,1,24,Aaron Rodgers,QB,QB,GNB,169
2005,1,25,Jason Campbell,QB,QB,WAS,48
2005,1,26,Chris Spencer,C,OL,SEA,38
2005,1,27,Roddy White,WR,WR,ATL,88
2005,1,28,Luis Castillo,DE,DL,SDG,33
2005,1,29,Marlin Jackson,DB,DB,IND,14
2005,1,30,Heath Miller,TE,TE,PIT,45
2005,1,31,Mike Patterson,DT,DL,PHI,48
2005,1,32,Logan Mankins,G,OL,NWE,102
2005,2,33,David Baas,G,OL,SFO,36
2005,2,34,Brodney Pool,DB,DB,CLE,27
2005,2,35,Reggie Brown,WR,WR,PHI,20
2005,2,36,Barrett Ruud,LB,LB,TAM,41
2005,2,37,Shaun Cody,DT,DL,DET,28
2005,2,38,Stanford Routt,DB,DB,OAK,22
2005,2,39,Mark Bradley,WR,WR,CHI,10
2005,2,40,Josh Bullocks,DB,DB,NOR,21
2005,2,41,Michael Roos,T,OL,TEN,63
2005,2,42,Kevin Burnett,LB,LB,DAL,40
2005,2,43,Corey Webster,DB,DB,NYG,33
2005,2,44,J.J. Arrington,RB,RB,ARI,12
2005,2,45,Lofa Tatupu,LB,LB,SEA,49
2005,2,46,Matt Roth,DE,DL,MIA,27
2005,2,47,Mike Nugent,K,K,NYJ,22
2005,2,48,Odell Thurman,LB,LB,CIN,7
2005,2,49,Marcus Johnson,G,OL,MIN,8
2005,2,50,Ron Bartell,DB,DB,STL,25
2005,2,51,Nick Collins,DB,DB,GNB,48
2005,2,52,Khalif Barnes,T,OL,JAX,51
2005,2,53,Dan Cody,DE,DL,BAL,0
2005,2,54,Eric Shelton,RB,RB,CAR,0
2005,2,55,Roscoe Parrish,WR,WR,BUF,14
2005,2,56,Darrent Williams,DB,DB,DEN,11
2005,2,57,Justin Miller,DB,DB,NYJ,15
2005,2,58,Terrence Murphy,WR,WR,GNB,0
2005,2,59,Jonathan Babineaux,DE,DL,ATL,52
2005,2,60,Kelvin Hayden,DB,DB,IND,24
2005,2,61,Vincent Jackson,WR,WR,SDG,77
2005,2,62,Bryant McFadden,DB,DB,PIT,27
2005,2,63,Matt McCoy,LB,LB,PHI,9
2005,2,64,Adam Terry,T,OL,BAL,9
2005,3,65,Frank Gore,RB,RB,SFO,94
2005,3,66,O.J. Atogwe,DB,DB,STL,34
2005,3,67,Charlie Frye,QB,QB,CLE,8
2005,3,68,Courtney Roby,WR,WR,TEN,4
2005,3,69,Andrew Walter,QB,QB,OAK,1
2005,3,70,Channing Crowder,LB,LB,MIA,31
2005,3,71,Alex Smith,TE,TE,TAM,11
2005,3,72,Stanley Wilson,DB,DB,DET,5
2005,3,73,Vernand Morency,RB,RB,HOU,8
2005,3,74,Justin Tuck,DE,DL,NYG,65
2005,3,75,Eric Green,DB,DB,ARI,12
2005,3,76,Karl Paymah,DB,DB,DEN,6
2005,3,77,Ryan Moats,RB,RB,PHI,7
2005,3,78,Kirk Morrison,LB,LB,OAK,38
2005,3,79,Evan Mathis,G,OL,CAR,46
2005,3,80,Dustin Fox,DB,DB,MIN,0
2005,3,81,Richie Incognito,G,OL,STL,62
2005,3,82,Alfred Fincher,LB,LB,NOR,3
2005,3,83,Chris Henry,WR,WR,CIN,16
2005,3,84,Ellis Hobbs,DB,DB,NWE,28
2005,3,85,David Greene,QB,QB,SEA,NA
2005,3,86,Kevin Everett,TE,TE,BUF,0
2005,3,87,Scott Starks,DB,DB,JAX,4
2005,3,88,Sione Pouha,DT,DL,NYJ,36
2005,3,89,Atiyyah Ellison,DT,DL,CAR,0
2005,3,90,Jordan Beck,LB,LB,ATL,2
2005,3,91,Chris Colmer,T,OL,TAM,NA
2005,3,92,Vincent Burns,DE,DL,IND,NA
2005,3,93,Trai Essex,T,OL,PIT,19
2005,3,94,Adam Snyder,T,OL,SFO,34
2005,3,95,Darryl Blackstock,LB,LB,ARI,6
2005,3,96,Brandon Jones,WR,WR,TEN,11
2005,3,97,Domonique Foxworth,DB,DB,DEN,19
2005,3,98,LeRoy Hill,LB,LB,SEA,37
2005,3,99,Dustin Colquitt,P,P,KAN,24
2005,3,100,Nick Kaczur,T,OL,NWE,37
2005,3,101,Maurice Clarett,RB,RB,DEN,NA
2005,4,102,Sean Considine,DB,DB,PHI,15
2005,4,103,Antonio Perkins,DB,DB,CLE,0
2005,4,104,Travis Daniels,DB,DB,MIA,13
2005,4,105,Ray Willis,T,OL,SEA,10
2005,4,106,Kyle Orton,QB,QB,CHI,40
2005,4,107,Dan Buenning,G,OL,TAM,10
2005,4,108,Vincent Fuller,DB,DB,TEN,8
2005,4,109,Marion Barber III,RB,RB,DAL,39
2005,4,110,Brandon Jacobs,RB,RB,NYG,36
2005,4,111,Elton Brown,G,OL,ARI,8
2005,4,112,Ciatrick Fason,RB,RB,MIN,1
2005,4,113,David Stewart,T,OL,TEN,48
2005,4,114,Jerome Mathis,WR,WR,HOU,4
2005,4,115,Marviel Underwood,DB,DB,GNB,1
2005,4,116,Craphonso Thorpe,WR,WR,KAN,1
2005,4,117,Jerome Carter,DB,DB,STL,3
2005,4,118,Chase Lyman,WR,WR,NOR,NA
2005,4,119,Eric Ghiaciuc,C,OL,CIN,19
2005,4,120,Manuel White,RB,RB,WAS,NA
2005,4,121,Stefan Lefors,QB,QB,CAR,NA
2005,4,122,Duke Preston,C,OL,BUF,11
2005,4,123,Kerry Rhodes,DB,DB,NYJ,49
2005,4,124,Jason Brown,C,OL,BAL,30
2005,4,125,Brady Poppinga,LB,LB,GNB,25
2005,4,126,Todd Herremans,T,OL,PHI,51
2005,4,127,Alvin Pearman,RB,RB,JAX,5
2005,4,128,Chauncey Davis,DE,DL,ATL,20
2005,4,129,Dylan Gandy,G,OL,IND,19
2005,4,130,Darren Sproles,RB,RB,SDG,62
2005,4,131,Fred Gibson,WR,WR,PIT,NA
2005,4,132,Chris Canty,DE,DL,DAL,46
2005,4,133,James Sanders,DB,DB,NWE,25
2005,4,134,Claude Terrell,G,OL,STL,6
2005,4,135,Matt Giordano,DB,DB,IND,16
2005,4,136,Roydell Williams,WR,WR,TEN,10
2005,5,137,Ronald Fields,DT,DL,SFO,13
2005,5,138,Boomer Grigsby,LB,LB,KAN,3
2005,5,139,David McMillan,DE,DL,CLE,2
2005,5,140,Airese Currie,WR,WR,CHI,0
2005,5,141,Donte Nicholson,DB,DB,TAM,1
2005,5,142,Damien Nash,RB,RB,TEN,1
2005,5,143,Junius Coston,G,OL,GNB,5
2005,5,144,Jerome Collins,TE,TE,STL,0
2005,5,145,Dan Orlovsky,QB,QB,DET,7
2005,5,146,Trent Cole,DE,DL,PHI,68
2005,5,147,Alphonso Hodge,DB,DB,KAN,NA
2005,5,148,Jonathan Welsh,DE,DL,IND,0
2005,5,149,Adam Seward,LB,LB,CAR,4
2005,5,150,Daniel Loper,T,OL,TEN,7
2005,5,151,Drew Hodgdon,C,OL,HOU,3
2005,5,152,Adrian McPherson,QB,QB,NOR,NA
2005,5,153,Adam Kieft,T,OL,CIN,NA
2005,5,154,Robert McCune,LB,LB,WAS,0
2005,5,155,Larry Brackins,WR,WR,TAM,NA
2005,5,156,Eric King,DB,DB,BUF,4
2005,5,157,Gerald Sensabaugh,DB,DB,JAX,31
2005,5,158,Justin Green,FB,RB,BAL,0
2005,5,159,Jeb Huckeba,LB,LB,SEA,NA
2005,5,160,Michael Boley,LB,LB,ATL,41
2005,5,161,Andre Maddox,DB,DB,NYJ,NA
2005,5,162,Anthony Alabi,T,OL,MIA,1
2005,5,163,Frank Omiyale,T,OL,ATL,17
2005,5,164,Wesley Britt,T,OL,SDG,3
2005,5,165,Robert Hunt,C,OL,IND,NA
2005,5,166,Rian Wallace,LB,LB,PIT,2
2005,5,167,Michael Hawkins,DB,DB,GNB,1
2005,5,168,Lance Mitchell,LB,LB,ARI,1
2005,5,169,Geoff Hangartner,C,OL,CAR,36
2005,5,170,Ryan Claridge,LB,LB,NWE,NA
2005,5,171,Ben Emanuel,DB,DB,CAR,3
2005,5,172,Scott Young,G,OL,PHI,1
2005,5,173,Tyjuan Hagler,LB,LB,IND,12
2005,5,174,Rasheed Marshall,WR,WR,SFO,0
2005,6,175,Anttaj Hawthorne,DT,DL,OAK,1
2005,6,176,Nick Speegle,LB,LB,CLE,1
2005,6,177,Wes Sims,G,OL,SDG,0
2005,6,178,Anthony Bryant,DT,DL,TAM,2
2005,6,179,Bo Scaife,TE,TE,TEN,20
2005,6,180,Mike Montgomery,DT,DL,GNB,8
2005,6,181,Chris Harris,DB,DB,CHI,38
2005,6,182,Cedric Houston,RB,RB,NYJ,5
2005,6,183,Jared Newberry,LB,LB,WAS,NA
2005,6,184,Bill Swancutt,DE,DL,DET,0
2005,6,185,Chad Owens,WR,WR,JAX,0
2005,6,186,Eric Moore,DE,DL,NYG,5
2005,6,187,Will Svitek,T,OL,KAN,14
2005,6,188,C.C. Brown,DB,DB,HOU,19
2005,6,189,Jovan Haye,DE,DL,CAR,25
2005,6,190,Tab Perry,WR,WR,CIN,1
2005,6,191,C.J. Mosley,DT,DL,MIN,21
2005,6,192,Dante Ridgeway,WR,WR,STL,0
2005,6,193,Jason Jefferson,DT,DL,NOR,3
2005,6,194,Pat Thomas,LB,LB,JAX,5
2005,6,195,Craig Bragg,WR,WR,GNB,NA
2005,6,196,Tony Jackson,TE,TE,SEA,NA
2005,6,197,Justin Geisinger,G,OL,BUF,0
2005,6,198,Joel Dreessen,TE,TE,NYJ,16
2005,6,199,Khari Long,DE,DL,KAN,0
2005,6,200,Chris Myers,G,OL,DEN,59
2005,6,201,DeAndra Cobb,RB,RB,ATL,0
2005,6,202,Dave Rayner,K,K,IND,3
2005,6,203,Andrew Hoffman,DT,DL,CLE,NA
2005,6,204,Chris Kemoeatu,G,OL,PIT,27
2005,6,205,Derrick Johnson,DB,DB,SFO,2
2005,6,206,Jonathan Goddard,DE,DL,DET,0
2005,6,207,Joe Berger,T,OL,CAR,36
2005,6,208,Justin Beriault,DB,DB,DAL,NA
2005,6,209,Rob Petitti,T,OL,DAL,9
2005,6,210,Reggie Hodges,P,P,STL,5
2005,6,211,Calvin Armstrong,T,OL,PHI,NA
2005,6,212,Ryan Riddle,DE,DL,OAK,1
2005,6,213,Derek Anderson,QB,QB,BAL,23
2005,6,214,Pete McMahon,T,OL,OAK,NA
2005,7,215,Daven Holly,DB,DB,SFO,10
2005,7,216,Kevin Vickerson,DT,DL,MIA,21
2005,7,217,Jon Dunn,T,OL,CLE,NA
2005,7,218,Reynaldo Hill,DB,DB,TEN,11
2005,7,219,Adrian Ward,DB,DB,MIN,NA
2005,7,220,Rod Wilson,DB,DB,CHI,7
2005,7,221,Rick Razzano,RB,RB,TAM,NA
2005,7,222,Nehemiah Broughton,FB,RB,WAS,0
2005,7,223,Marcus Maxwell,WR,WR,SFO,0
2005,7,224,Jay Ratliff,DE,DL,DAL,55
2005,7,225,Paris Warren,WR,WR,TAM,0
2005,7,226,LeRon McCoy,WR,WR,ARI,1
2005,7,227,Kenneth Pettway,DE,DL,HOU,3
2005,7,228,Shaun Nua,DE,DL,PIT,NA
2005,7,229,James Kilian,QB,QB,KAN,NA
2005,7,230,Matt Cassel,QB,QB,NWE,47
2005,7,231,Hamza Abdullah,DB,DB,TAM,5
2005,7,232,Jimmy Verdon,DT,DL,NOR,0
2005,7,233,Jonathan Fanene,DE,DL,CIN,12
2005,7,234,Mike Smith,LB,LB,BAL,1
2005,7,235,Cornelius Wortham,LB,LB,SEA,1
2005,7,236,Lionel Gates,RB,RB,BUF,0
2005,7,237,Chris Roberson,DB,DB,JAX,0
2005,7,238,Jeremy Parquet,T,OL,KAN,NA
2005,7,239,Paul Ernster,K,K,DEN,2
2005,7,240,Harry Williams,WR,WR,NYJ,0
2005,7,241,Darrell Shropshire,DT,DL,ATL,2
2005,7,242,Scott Mruczkowski,C,OL,SDG,15
2005,7,243,Anthony Davis,RB,RB,IND,NA
2005,7,244,Noah Herron,RB,RB,PIT,3
2005,7,245,Kurt Campbell,DB,DB,GNB,NA
2005,7,246,Will Whitticker,G,OL,GNB,6
2005,7,247,Keyonta Marshall,DT,DL,PHI,0
2005,7,248,Patrick Estes,TE,TE,SFO,0
2005,7,249,Billy Bajema,TE,TE,SFO,2
2005,7,250,Ryan Fitzpatrick,QB,QB,STL,78
2005,7,251,Madison Hedgecock,FB,RB,STL,2
2005,7,252,David Bergeron,LB,LB,PHI,NA
2005,7,253,J.R. Russell,WR,WR,TAM,NA
2005,7,254,Doug Nienhuis,T,OL,SEA,0
2005,7,255,Andy Stokes,TE,TE,NWE,NA
2006,1,1,Mario Williams,DE,DL,HOU,79
2006,1,2,Reggie Bush,RB,RB,NOR,61
2006,1,3,Vince Young,QB,QB,TEN,33
2006,1,4,D'Brickashaw Ferguson,T,OL,NYJ,58
2006,1,5,A.J. Hawk,LB,LB,GNB,55
2006,1,6,Vernon Davis,TE,TE,SFO,51
2006,1,7,Michael Huff,DB,DB,OAK,33
2006,1,8,Donte Whitner,DB,DB,BUF,47
2006,1,9,Ernie Sims,LB,LB,DET,29
2006,1,10,Matt Leinart,QB,QB,ARI,12
2006,1,11,Jay Cutler,QB,QB,DEN,86
2006,1,12,Haloti Ngata,DT,DL,BAL,100
2006,1,13,Kamerion Wimbley,DE,DL,CLE,44
2006,1,14,Brodrick Bunkley,DT,DL,PHI,40
2006,1,15,Tye Hill,DB,DB,STL,9
2006,1,16,Jason Allen,DB,DB,MIA,13
2006,1,17,Chad Greenway,LB,LB,MIN,66
2006,1,18,Bobby Carpenter,LB,LB,DAL,11
2006,1,19,Antonio Cromartie,DB,DB,SDG,66
2006,1,20,Tamba Hali,DE,DL,KAN,75
2006,1,21,Laurence Maroney,RB,RB,NWE,26
2006,1,22,Manny Lawson,DE,DL,SFO,47
2006,1,23,Davin Joseph,G,OL,TAM,42
2006,1,24,Johnathan Joseph,DB,DB,CIN,67
2006,1,25,Santonio Holmes,WR,WR,PIT,47
2006,1,26,John McCargo,DT,DL,BUF,4
2006,1,27,DeAngelo Williams,RB,RB,CAR,61
2006,1,28,Marcedes Lewis,TE,TE,JAX,35
2006,1,29,Nick Mangold,C,OL,NYJ,73
2006,1,30,Joseph Addai,RB,RB,IND,50
2006,1,31,Kelly Jennings,DB,DB,SEA,18
2006,1,32,Mathias Kiwanuka,DE,DL,NYG,37
2006,2,33,DeMeco Ryans,LB,LB,HOU,58
2006,2,34,D'Qwell Jackson,LB,LB,CLE,61
2006,2,35,Rocky McIntosh,LB,LB,WAS,38
2006,2,36,Chad Jackson,WR,WR,NWE,2
2006,2,37,Jimmy Williams,DB,DB,ATL,5
2006,2,38,Thomas Howard,LB,LB,OAK,33
2006,2,39,Winston Justice,T,OL,PHI,21
2006,2,40,Daniel Bullocks,DB,DB,DET,7
2006,2,41,Deuce Lutui,G,OL,ARI,34
2006,2,42,Danieal Manning,DB,DB,CHI,35
2006,2,43,Roman Harper,DB,DB,NOR,49
2006,2,44,Sinorice Moss,WR,WR,NYG,4
2006,2,45,LenDale White,RB,RB,TEN,14
2006,2,46,Joe Klopfenstein,TE,TE,STL,3
2006,2,47,Daryn Colledge,T,OL,GNB,57
2006,2,48,Cedric Griffin,DB,DB,MIN,23
2006,2,49,Kellen Clemens,QB,QB,NYJ,10
2006,2,50,Marcus McNeill,T,OL,SDG,48
2006,2,51,Ryan Cook,C,OL,MIN,23
2006,2,52,Greg Jennings,WR,WR,GNB,66
2006,2,53,Anthony Fasano,TE,TE,DAL,22
2006,2,54,Bernard Pollard,DB,DB,KAN,34
2006,2,55,Andrew Whitworth,T,OL,CIN,100
2006,2,56,Chris Chester,G,OL,BAL,59
2006,2,57,Devin Hester,DB,DB,CHI,47
2006,2,58,Richard Marshall,DB,DB,CAR,31
2006,2,59,Jeremy Trueblood,T,OL,TAM,35
2006,2,60,Maurice Jones-Drew,RB,RB,JAX,74
2006,2,61,Tony Scheffler,TE,TE,DEN,24
2006,2,62,Tim Jennings,DB,DB,IND,43
2006,2,63,Darryl Tapp,DE,DL,SEA,30
2006,2,64,Tarvaris Jackson,QB,QB,MIN,22
2006,3,65,Charles Spencer,G,OL,HOU,1
2006,3,66,Eric Winston,T,OL,HOU,53
2006,3,67,Abdul Hodge,LB,LB,GNB,2
2006,3,68,Claude Wroten,DT,DL,STL,2
2006,3,69,Paul McQuistan,T,OL,OAK,24
2006,3,70,Ashton Youboty,DB,DB,BUF,8
2006,3,71,Chris Gocong,DE,DL,PHI,29
2006,3,72,Leonard Pope,TE,TE,ARI,6
2006,3,73,Dusty Dvoracek,DT,DL,CHI,6
2006,3,74,Brian Calhoun,RB,RB,DET,1
2006,3,75,Jason Spitz,G,OL,GNB,24
2006,3,76,Anthony Schlegel,LB,LB,NYJ,2
2006,3,77,Jon Alston,LB,LB,STL,5
2006,3,78,Travis Wilson,WR,WR,CLE,0
2006,3,79,Jerious Norwood,RB,RB,ATL,20
2006,3,80,Clint Ingram,LB,LB,JAX,21
2006,3,81,Charlie Whitehurst,QB,QB,SDG,7
2006,3,82,Derek Hagan,WR,WR,MIA,12
2006,3,83,Anthony Smith,DB,DB,PIT,12
2006,3,84,Brandon Williams,WR,WR,SFO,0
2006,3,85,Brodie Croyle,QB,QB,KAN,2
2006,3,86,David Thomas,TE,TE,NWE,9
2006,3,87,David Pittman,DB,DB,BAL,1
2006,3,88,James Anderson,LB,LB,CAR,31
2006,3,89,Rashad Butler,T,OL,CAR,7
2006,3,90,Maurice Stovall,WR,WR,TAM,5
2006,3,91,Frostee Rucker,DE,DL,CIN,39
2006,3,92,Jason Hatcher,DE,DL,DAL,34
2006,3,93,Dominique Byrd,TE,TE,STL,0
2006,3,94,Freddy Keiaho,LB,LB,IND,15
2006,3,95,Willie Reid,WR,WR,PIT,1
2006,3,96,Gerris Wilkinson,LB,LB,NYG,6
2006,3,97,Eric Smith,DB,DB,NYJ,18
2006,4,98,Owen Daniels,TE,TE,HOU,41
2006,4,99,Max Jean-Gilles,G,OL,PHI,14
2006,4,100,Michael Robinson,WR,WR,SFO,7
2006,4,101,Darnell Bing,DB,DB,OAK,1
2006,4,102,Calvin Lowry,DB,DB,TEN,7
2006,4,103,Brad Smith,QB,QB,NYJ,17
2006,4,104,Cory Rodgers,WR,WR,GNB,NA
2006,4,105,Ko Simpson,DB,DB,BUF,12
2006,4,106,Garrett Mills,FB,RB,NWE,1
2006,4,107,Gabe Watson,DT,DL,ARI,11
2006,4,108,Jahri Evans,T,OL,NOR,114
2006,4,109,Jason Avant,WR,WR,PHI,29
2006,4,110,Leon Williams,LB,LB,CLE,9
2006,4,111,Demetrius Williams,WR,WR,BAL,9
2006,4,112,Isaac Sowells,T,OL,CLE,1
2006,4,113,Victor Adeyanju,DE,DL,STL,13
2006,4,114,Joe Toledo,T,OL,MIA,NA
2006,4,115,Will Blackmon,DB,DB,GNB,16
2006,4,116,Stephen Tulloch,LB,LB,TEN,49
2006,4,117,Leon Washington,RB,RB,NYJ,30
2006,4,118,Stephen Gostkowski,K,K,NWE,37
2006,4,119,Brandon Marshall,WR,WR,DEN,83
2006,4,120,Jamar Williams,LB,LB,CHI,5
2006,4,121,Nate Salley,DB,DB,CAR,1
2006,4,122,Alan Zemaitis,DB,DB,TAM,NA
2006,4,123,Domata Peko,DT,DL,CIN,68
2006,4,124,Barry Cofield,DT,DL,NYG,46
2006,4,125,Skyler Green,WR,WR,DAL,0
2006,4,126,Elvis Dumervil,DE,DL,DEN,63
2006,4,127,Ray Edwards,DE,DL,MIN,37
2006,4,128,Rob Sims,G,OL,SEA,46
2006,4,129,Guy Whimper,DE,DL,NYG,13
2006,4,130,Domenik Hixon,WR,WR,DEN,17
2006,4,131,Willie Colon,G,OL,PIT,40
2006,4,132,P.J. Daniels,RB,RB,BAL,NA
2006,4,133,Orien Harris,DT,DL,PIT,1
2006,5,134,Kyle Williams,DT,DL,BUF,79
2006,5,135,Rob Ninkovich,DE,DL,NOR,51
2006,5,136,Ryan O'Callaghan,T,OL,NWE,11
2006,5,137,Terna Nande,LB,LB,TEN,0
2006,5,138,Pat Watkins,DB,DB,DAL,6
2006,5,139,Quinn Ojinnaka,G,OL,ATL,11
2006,5,140,Parys Haralson,DE,DL,SFO,38
2006,5,141,Jonathan Scott,T,OL,DET,17
2006,5,142,Brandon Johnson,LB,LB,ARI,13
2006,5,143,Brad Butler,T,OL,BUF,13
2006,5,144,Marques Hagans,WR,WR,STL,1
2006,5,145,Jerome Harrison,RB,RB,CLE,12
2006,5,146,Dawan Landry,DB,DB,BAL,43
2006,5,147,Jeremy Bloom,DB,DB,PHI,NA
2006,5,148,Ingle Martin,QB,QB,GNB,0
2006,5,149,Greg Blue,DB,DB,MIN,2
2006,5,150,Jason Pociask,TE,TE,NYJ,0
2006,5,151,Tim Dobbins,LB,LB,SDG,19
2006,5,152,DeMario Minter,DB,DB,CLE,NA
2006,5,153,Anthony Montgomery,NT,DL,WAS,14
2006,5,154,Marcus Maxey,DB,DB,KAN,0
2006,5,155,Jeff King,TE,TE,CAR,10
2006,5,156,Julian Jenkins,DE,DL,TAM,1
2006,5,157,A.J. Nicholson,LB,LB,CIN,0
2006,5,158,Charlie Peprah,DB,DB,NYG,12
2006,5,159,Mark Anderson,DE,DL,CHI,21
2006,5,160,Brent Hawkins,DE,DL,JAX,3
2006,5,161,Chris Kuper,G,OL,DEN,35
2006,5,162,Michael Toudouze,G,OL,IND,1
2006,5,163,David Kirtman,RB,RB,SEA,0
2006,5,164,Omar Jacobs,QB,QB,PIT,NA
2006,5,165,Tony Moll,T,OL,GNB,13
2006,5,166,Quinn Sypniewski,TE,TE,BAL,2
2006,5,167,Charles Davis,TE,TE,PIT,NA
2006,5,168,Omar Gaither,LB,LB,PHI,25
2006,5,169,Jesse Mahelona,DT,DL,TEN,1
2006,6,170,Wali Lundy,RB,RB,HOU,5
2006,6,171,Mike Hass,WR,WR,NOR,0
2006,6,172,Jonathan Orr,WR,WR,TEN,NA
2006,6,173,Reed Doughty,DB,DB,WAS,20
2006,6,174,Josh Lay,DB,DB,NOR,NA
2006,6,175,Delanie Walker,WR,WR,SFO,39
2006,6,176,Kevin Boothe,T,OL,OAK,27
2006,6,177,Jonathan Lewis,DT,DL,ARI,0
2006,6,178,Keith Ellison,LB,LB,BUF,19
2006,6,179,Dee McCann,DB,DB,DET,NA
2006,6,180,Lawrence Vickers,FB,RB,CLE,3
2006,6,181,Babatunde Oshinowo,DT,DL,CLE,0
2006,6,182,Montavious Stanley,DT,DL,DAL,5
2006,6,183,Johnny Jolly,DT,DL,GNB,21
2006,6,184,Adam Jennings,WR,WR,ATL,0
2006,6,185,Tyrone Culver,DB,DB,GNB,7
2006,6,186,Tre Stallings,G,OL,KAN,0
2006,6,187,Jeromey Clary,T,OL,SDG,47
2006,6,188,Kurt Smith,K,K,SDG,NA
2006,6,189,Drew Coleman,DB,DB,NYJ,11
2006,6,190,Jeff Webb,WR,WR,KAN,2
2006,6,191,Jeremy Mincey,DE,DL,NWE,29
2006,6,192,Marcus Hudson,DB,DB,SFO,5
2006,6,193,Reggie McNeal,QB,QB,CIN,0
2006,6,194,Bruce Gradkowski,QB,QB,TAM,8
2006,6,195,J.D. Runnels,RB,RB,CHI,0
2006,6,196,Kedric Golston,DT,DL,WAS,27
2006,6,197,Melvin Oliver,DE,DL,SFO,5
2006,6,198,Greg Eslinger,C,OL,DEN,NA
2006,6,199,Charlie Johnson,T,OL,IND,52
2006,6,200,Tyler Reed,G,OL,CHI,NA
2006,6,201,Marvin Philip,C,OL,PIT,NA
2006,6,202,T.J. Williams,TE,TE,TAM,NA
2006,6,203,Sam Koch,P,P,BAL,25
2006,6,204,LaJuan Ramsey,DT,DL,PHI,4
2006,6,205,Dan Stevenson,G,OL,NWE,NA
2006,6,206,Le Kevin Smith,DT,DL,NWE,5
2006,6,207,Antoine Bethea,DB,DB,IND,63
2006,6,208,Derrick Martin,DB,DB,BAL,5
2006,7,209,Ethan Kilmer,WR,WR,CIN,0
2006,7,210,Zach Strief,G,OL,NOR,50
2006,7,211,Pat McQuistan,T,OL,DAL,8
2006,7,212,Fred Evans,DT,DL,MIA,9
2006,7,213,James Wyche,DE,DL,JAX,0
2006,7,214,Chris Morris,C,OL,OAK,5
2006,7,215,Cortland Finnegan,DB,DB,TEN,53
2006,7,216,Terrance Pennington,T,OL,BUF,4
2006,7,217,Fred Matua,G,OL,DET,NA
2006,7,218,Todd Watkins,WR,WR,ARI,1
2006,7,219,Ryan LaCasse,LB,LB,BAL,1
2006,7,220,Titus Adams,DT,DL,NYJ,0
2006,7,221,Tim McGarigle,LB,LB,STL,1
2006,7,222,Justin Hamilton,RB,RB,CLE,1
2006,7,223,D.J. Shockley,QB,QB,ATL,NA
2006,7,224,E.J. Whitley,C,OL,DAL,NA
2006,7,225,Chase Page,DT,DL,SDG,0
2006,7,226,Rodrique Wright,DT,DL,MIA,4
2006,7,227,Jimmy Martin,C,OL,SDG,NA
2006,7,228,Jarrad Page,DB,DB,KAN,18
2006,7,229,Willie Andrews,DB,DB,NWE,3
2006,7,230,Kili Lefotu,G,OL,WAS,NA
2006,7,231,Bennie Brazell,WR,WR,CIN,NA
2006,7,232,Gerrick McPhearson,DB,DB,NYG,NA
2006,7,233,Devin Aromashodu,WR,WR,MIA,10
2006,7,234,Will Montgomery,G,OL,CAR,34
2006,7,235,Justin Phinisee,DB,DB,TAM,NA
2006,7,236,Dee Webb,DB,DB,JAX,1
2006,7,237,Stanley McClover,DE,DL,CAR,1
2006,7,238,T.J. Rushing,DB,DB,IND,3
2006,7,239,Ryan Plackemeier,P,P,SEA,5
2006,7,240,Cedric Humes,RB,RB,PIT,NA
2006,7,241,Charles Bennett,LB,LB,TAM,0
2006,7,242,Mark Setterstrom,G,OL,STL,5
2006,7,243,Tony Palmer,G,OL,STL,0
2006,7,244,Tim Massaquoi,TE,TE,TAM,0
2006,7,245,Spencer Toone,LB,LB,TEN,0
2006,7,246,Quinton Ganther,RB,RB,TEN,3
2006,7,247,Anthony Cannon,LB,LB,DET,3
2006,7,248,Aaron Merz,G,OL,BUF,1
2006,7,249,Ben Obomanu,WR,WR,SEA,10
2006,7,250,Kevin Simon,LB,LB,WAS,NA
2006,7,251,David Anderson,WR,WR,HOU,7
2006,7,252,Marques Colston,WR,WR,NOR,72
2006,7,253,Dave Tollefson,DE,DL,GNB,6
2006,7,254,Vickiel Vaughn,DB,DB,SFO,NA
2006,7,255,Kevin McMahan,WR,WR,OAK,NA
2007,1,1,JaMarcus Russell,QB,QB,OAK,6
2007,1,2,Calvin Johnson,WR,WR,DET,78
2007,1,3,Joe Thomas,T,OL,CLE,85
2007,1,4,Gaines Adams,DE,DL,TAM,17
2007,1,5,Levi Brown,T,OL,ARI,34
2007,1,6,LaRon Landry,DB,DB,WAS,39
2007,1,7,Adrian Peterson,RB,RB,MIN,101
2007,1,8,Jamaal Anderson,DE,DL,ATL,20
2007,1,9,Ted Ginn Jr.,WR,WR,MIA,52
2007,1,10,Amobi Okoye,DT,DL,HOU,24
2007,1,11,Patrick Willis,LB,LB,SFO,93
2007,1,12,Marshawn Lynch,RB,RB,BUF,74
2007,1,13,Adam Carriker,DE,DL,STL,22
2007,1,14,Darrelle Revis,DB,DB,NYJ,93
2007,1,15,Lawrence Timmons,LB,LB,PIT,72
2007,1,16,Justin Harrell,DT,DL,GNB,2
2007,1,17,Jarvis Moss,DE,DL,DEN,3
2007,1,18,Leon Hall,DB,DB,CIN,51
2007,1,19,Michael Griffin,DB,DB,TEN,55
2007,1,20,Aaron Ross,DB,DB,NYG,20
2007,1,21,Reggie Nelson,DB,DB,JAX,63
2007,1,22,Brady Quinn,QB,QB,CLE,2
2007,1,23,Dwayne Bowe,WR,WR,KAN,50
2007,1,24,Brandon Meriweather,DB,DB,NWE,33
2007,1,25,Jon Beason,LB,LB,CAR,55
2007,1,26,Anthony Spencer,DE,DL,DAL,34
2007,1,27,Robert Meachem,WR,WR,NOR,26
2007,1,28,Joe Staley,T,OL,SFO,81
2007,1,29,Ben Grubbs,G,OL,BAL,56
2007,1,30,Craig Davis,WR,WR,SDG,7
2007,1,31,Greg Olsen,TE,TE,CHI,60
2007,1,32,Anthony Gonzalez,WR,WR,IND,16
2007,2,33,Alan Branch,DT,DL,ARI,42
2007,2,34,Paul Posluszny,LB,LB,BUF,58
2007,2,35,Arron Sears,G,OL,TAM,14
2007,2,36,Kevin Kolb,QB,QB,PHI,12
2007,2,37,Eric Weddle,DB,DB,SDG,88
2007,2,38,Zach Miller,TE,TE,OAK,28
2007,2,39,Justin Blalock,G,OL,ATL,55
2007,2,40,John Beck,QB,QB,MIA,4
2007,2,41,Chris Houston,DB,DB,ATL,32
2007,2,42,Tony Ugoh,T,OL,IND,17
2007,2,43,Drew Stanton,QB,QB,DET,10
2007,2,44,Sidney Rice,WR,WR,MIN,33
2007,2,45,Dwayne Jarrett,WR,WR,CAR,4
2007,2,46,LaMarr Woodley,DE,DL,PIT,54
2007,2,47,David Harris,LB,LB,NYJ,75
2007,2,48,Justin Durant,LB,LB,JAX,36
2007,2,49,Kenny Irons,RB,RB,CIN,NA
2007,2,50,Chris Henry,RB,RB,TEN,1
2007,2,51,Steve Smith,WR,WR,NYG,23
2007,2,52,Brian Leonard,RB,RB,STL,11
2007,2,53,Eric Wright,DB,DB,CLE,32
2007,2,54,Turk McBride,DT,DL,KAN,13
2007,2,55,Josh Wilson,DB,DB,SEA,32
2007,2,56,Tim Crowder,DE,DL,DEN,11
2007,2,57,Victor Abiamiri,DE,DL,PHI,5
2007,2,58,Ikaika Alama-Francis,DE,DL,DET,2
2007,2,59,Ryan Kalil,C,OL,CAR,72
2007,2,60,Samson Satele,C,OL,MIA,48
2007,2,61,Gerald Alexander,DB,DB,DET,11
2007,2,62,Dan Bazuin,DE,DL,CHI,NA
2007,2,63,Brandon Jackson,RB,RB,GNB,16
2007,2,64,Sabby Piscitelli,LB,LB,TAM,15
2007,3,65,Quentin Moses,DE,DL,OAK,5
2007,3,66,Usama Young,DB,DB,NOR,17
2007,3,67,James Marten,T,OL,DAL,0
2007,3,68,Quincy Black,LB,LB,TAM,18
2007,3,69,Buster Davis,LB,LB,ARI,2
2007,3,70,Ryan Harris,T,OL,DEN,33
2007,3,71,Lorenzo Booker,RB,RB,MIA,4
2007,3,72,Marcus McCauley,DB,DB,MIN,4
2007,3,73,Jacoby Jones,WR,WR,HOU,30
2007,3,74,Yamon Figurs,WR,WR,BAL,2
2007,3,75,Laurent Robinson,WR,WR,ATL,16
2007,3,76,Jason Hill,WR,WR,SFO,9
2007,3,77,Matt Spaeth,TE,TE,PIT,2
2007,3,78,James Jones,WR,WR,GNB,46
2007,3,79,Mike Sims-Walker,WR,WR,JAX,16
2007,3,80,Paul Williams,WR,WR,TEN,0
2007,3,81,Jay Alford,DT,DL,NYG,4
2007,3,82,Tank Tyler,DT,DL,KAN,11
2007,3,83,Charles Johnson,DE,DL,CAR,47
2007,3,84,Jonathan Wade,DB,DB,STL,7
2007,3,85,Brandon Mebane,DT,DL,SEA,63
2007,3,86,Marshal Yanda,T,OL,BAL,92
2007,3,87,Stewart Bradley,LB,LB,PHI,19
2007,3,88,Andy Alleman,G,OL,NOR,5
2007,3,89,Aaron Rouse,DB,DB,GNB,8
2007,3,90,Tony Hunt,RB,RB,PHI,0
2007,3,91,Mario Henderson,DT,DL,OAK,11
2007,3,92,Trent Edwards,QB,QB,BUF,16
2007,3,93,Garrett Wolfe,RB,RB,CHI,2
2007,3,94,Michael Okwo,LB,LB,CHI,NA
2007,3,95,Dante Hughes,DB,DB,IND,4
2007,3,96,Anthony Waters,LB,LB,SDG,2
2007,3,97,Ray McDonald,DE,DL,SFO,35
2007,3,98,Quinn Pitcock,DT,DL,IND,1
2007,3,99,Johnnie Lee Higgins,WR,WR,OAK,9
2007,4,100,Michael Bush,RB,RB,OAK,25
2007,4,101,Adam Podlesh,P,P,JAX,8
2007,4,102,Brian Robison,DE,DL,MIN,46
2007,4,103,Isaiah Stanback,QB,QB,DAL,0
2007,4,104,Jay Moore,DE,DL,SFO,NA
2007,4,105,A.J. Davis,DB,DB,DET,NA
2007,4,106,Tanard Jackson,DB,DB,TAM,24
2007,4,107,Antonio Pittman,RB,RB,NOR,3
2007,4,108,Paul Soliai,DT,DL,MIA,41
2007,4,109,Stephen Nicholas,LB,LB,ATL,27
2007,4,110,John Bowie,DB,DB,OAK,0
2007,4,111,Dwayne Wright,RB,RB,BUF,1
2007,4,112,Daniel Sepulveda,P,P,PIT,7
2007,4,113,Brian Smith,DE,DL,JAX,NA
2007,4,114,Marvin White,DB,DB,CIN,8
2007,4,115,Leroy Harris,C,OL,TEN,19
2007,4,116,Zak DeOssie,LB,LB,NYG,21
2007,4,117,Manuel Ramirez,G,OL,DET,33
2007,4,118,Ryne Robinson,WR,WR,CAR,0
2007,4,119,Allen Barbre,T,OL,GNB,23
2007,4,120,Baraka Atkins,DE,DL,SEA,2
2007,4,121,Marcus Thomas,DT,DL,DEN,14
2007,4,122,Doug Free,T,OL,DAL,49
2007,4,123,Fred Bennett,DB,DB,HOU,7
2007,4,124,Mansfield Wrotto,G,OL,SEA,6
2007,4,125,Jermon Bushrod,T,OL,NOR,62
2007,4,126,Dashon Goldson,DB,DB,SFO,41
2007,4,127,Kareem Brown,DT,DL,NWE,0
2007,4,128,Chris Davis,WR,WR,TEN,0
2007,4,129,Scott Chandler,TE,TE,SDG,18
2007,4,130,Josh Beekman,C,OL,CHI,10
2007,4,131,Brannon Condren,DB,DB,IND,1
2007,4,132,Ryan McBean,DT,DL,PIT,11
2007,4,133,Martrez Milner,TE,TE,ATL,0
2007,4,134,Antwan Barnes,LB,LB,BAL,7
2007,4,135,Joe Cohen,DT,DL,SFO,0
2007,4,136,Clint Session,LB,LB,IND,20
2007,4,137,Le'Ron McClain,RB,RB,BAL,13
2007,5,138,Jay Richardson,DE,DL,OAK,12
2007,5,139,Dustin Fry,C,OL,STL,0
2007,5,140,Brandon McDonald,DB,DB,CLE,15
2007,5,141,Greg Peterson,DE,DL,TAM,2
2007,5,142,Steve Breaston,WR,WR,ARI,26
2007,5,143,Dallas Sartz,LB,LB,WAS,NA
2007,5,144,Brandon Harrison,DB,DB,HOU,2
2007,5,145,David Jones,DB,DB,NOR,6
2007,5,146,Aundrae Allison,WR,WR,MIN,3
2007,5,147,Tarell Brown,DB,DB,SFO,24
2007,5,148,Kolby Smith,RB,RB,KAN,4
2007,5,149,Uche Nwaneri,G,OL,JAX,37
2007,5,150,Josh Gattis,DB,DB,JAX,0
2007,5,151,Jeff Rowe,QB,QB,CIN,NA
2007,5,152,Antonio Johnson,DT,DL,TEN,21
2007,5,153,Kevin Boss,TE,TE,NYG,17
2007,5,154,Clifton Ryan,DT,DL,STL,13
2007,5,155,Dante Rosario,TE,TE,CAR,9
2007,5,156,Cameron Stephenson,G,OL,PIT,NA
2007,5,157,David Clowney,WR,WR,GNB,3
2007,5,158,Johnny Baldwin,LB,LB,DET,0
2007,5,159,C.J. Gaddis,DB,DB,PHI,NA
2007,5,160,Justin Medlock,K,K,KAN,1
2007,5,161,Will Herring,LB,LB,SEA,10
2007,5,162,Brent Celek,TE,TE,PHI,35
2007,5,163,Brandon Frye,T,OL,HOU,2
2007,5,164,Tim Shaw,LB,LB,CAR,6
2007,5,165,Eric Frampton,DB,DB,OAK,5
2007,5,166,Derek Landri,DT,DL,JAX,15
2007,5,167,Kevin Payne,DB,DB,CHI,10
2007,5,168,Corey Graham,DB,DB,CHI,33
2007,5,169,Roy Hall,WR,WR,IND,0
2007,5,170,William Gay,DB,DB,PIT,41
2007,5,171,Clint Oldenburg,T,OL,NWE,0
2007,5,172,Legedu Naanee,WR,WR,SDG,13
2007,5,173,Michael Coe,DB,DB,IND,2
2007,5,174,Troy Smith,QB,QB,BAL,6
2007,6,175,Oren O'Neal,FB,RB,OAK,0
2007,6,176,Rufus Alexander,LB,LB,MIN,0
2007,6,177,Jacob Bender,T,OL,NYJ,0
2007,6,178,Nick Folk,K,K,DAL,38
2007,6,179,H.B. Blades,LB,LB,WAS,9
2007,6,180,Justin Rogers,LB,LB,NWE,2
2007,6,181,Reagan Maui'a,RB,RB,MIA,0
2007,6,182,Adam Hayward,LB,LB,TAM,11
2007,6,183,Kasey Studdard,G,OL,HOU,8
2007,6,184,John Wendling,DB,DB,BUF,7
2007,6,185,Trey Lewis,DT,DL,ATL,4
2007,6,186,Thomas Clayton,RB,RB,SFO,NA
2007,6,187,Matt Toeaina,DT,DL,CIN,12
2007,6,188,Joel Filani,WR,WR,TEN,NA
2007,6,189,Adam Koets,T,OL,NYG,3
2007,6,190,Ken Shackleford,T,OL,STL,NA
2007,6,191,Korey Hall,LB,LB,GNB,0
2007,6,192,Desmond Bishop,LB,LB,GNB,18
2007,6,193,Mason Crosby,K,K,GNB,33
2007,6,194,David Irons,DB,DB,ATL,1
2007,6,195,Deon Anderson,FB,RB,DAL,1
2007,6,196,Herbert Taylor,T,OL,KAN,2
2007,6,197,Courtney Taylor,WR,WR,SEA,1
2007,6,198,Doug Datish,C,OL,ATL,NA
2007,6,199,Drew Mormino,C,OL,MIA,NA
2007,6,200,Melila Purcell,DE,DL,CLE,NA
2007,6,201,Rashad Barksdale,DB,DB,PHI,0
2007,6,202,Mike Richardson,DB,DB,NWE,2
2007,6,203,Daren Stone,DB,DB,ATL,2
2007,6,204,Jacob Ford,DE,DL,TEN,7
2007,6,205,Jordan Palmer,QB,QB,WAS,0
2007,6,206,Ryan Smith,DB,DB,TEN,NA
2007,6,207,Prescott Burgess,LB,LB,BAL,2
2007,6,208,Justise Hairston,RB,RB,NWE,NA
2007,6,209,Corey Hilliard,T,OL,NWE,9
2007,6,210,Jordan Kent,WR,WR,SEA,0
2007,7,211,Oscar Lua,LB,LB,NWE,NA
2007,7,212,Courtney Brown,DB,DB,DAL,2
2007,7,213,Chase Pittman,DE,DL,CLE,NA
2007,7,214,Chris Denman,T,OL,TAM,NA
2007,7,215,Ben Patrick,TE,TE,ARI,4
2007,7,216,Tyler Ecker,TE,TE,WAS,NA
2007,7,217,Tyler Thigpen,QB,QB,MIN,10
2007,7,218,Zach Diles,LB,LB,HOU,15
2007,7,219,Kelvin Smith,LB,LB,MIA,0
2007,7,220,Marvin Mitchell,LB,LB,NOR,12
2007,7,221,Trumaine McBride,DB,DB,CHI,14
2007,7,222,Derek Schouman,TE,TE,BUF,2
2007,7,223,Michael Otto,T,OL,TEN,7
2007,7,224,Michael Johnson,DB,DB,NYG,14
2007,7,225,Brandon Fields,P,P,MIA,21
2007,7,226,C.J. Wilson,DB,DB,CAR,1
2007,7,227,Dallas Baker,WR,WR,PIT,0
2007,7,228,DeShawn Wynn,RB,RB,GNB,3
2007,7,229,John Broussard,WR,WR,JAX,2
2007,7,230,Dan Santucci,G,OL,CIN,0
2007,7,231,Michael Allan,TE,TE,KAN,NA
2007,7,232,Steve Vallos,G,OL,SEA,7
2007,7,233,Chandler Williams,WR,WR,MIN,NA
2007,7,234,Syndric Steptoe,WR,WR,CLE,1
2007,7,235,Chansi Stuckey,WR,WR,NYJ,10
2007,7,236,Nate Ilaoa,RB,RB,PHI,NA
2007,7,237,Alan Ball,DB,DB,DAL,19
2007,7,238,Abraham Wright,DE,DL,MIA,NA
2007,7,239,C.J. Ah You,DE,DL,BUF,4
2007,7,240,Brandon Siler,LB,LB,SDG,12
2007,7,241,Aaron Brant,G,OL,CHI,NA
2007,7,242,Keyunta Dawson,DE,DL,IND,14
2007,7,243,Clark Harris,TE,TE,GNB,11
2007,7,244,Jason Snelling,RB,RB,ATL,21
2007,7,245,Marcus Hamilton,DB,DB,TAM,1
2007,7,246,Kenneth Darby,RB,RB,TAM,4
2007,7,247,Mike Elgin,G,OL,NWE,NA
2007,7,248,Keith Jackson,DT,DL,STL,NA
2007,7,249,Derek Stanley,WR,WR,STL,1
2007,7,250,Ahmad Bradshaw,RB,RB,NYG,42
2007,7,251,Chad Nkang,LB,LB,JAX,3
2007,7,252,Andrew Carnahan,T,OL,JAX,NA
2007,7,253,Nedu Ndukwe,DB,DB,CIN,15
2007,7,254,Jonathan Holland,WR,WR,OAK,1
2007,7,255,Ramzee Robinson,DB,DB,DET,1
2008,1,1,Jake Long,T,OL,MIA,54
2008,1,2,Chris Long,DE,DL,STL,48
2008,1,3,Matt Ryan,QB,QB,ATL,146
2008,1,4,Darren McFadden,RB,RB,OAK,39
2008,1,5,Glenn Dorsey,DT,DL,KAN,37
2008,1,6,Vernon Gholston,DE,DL,NYJ,6
2008,1,7,Sedrick Ellis,DT,DL,NOR,26
2008,1,8,Derrick Harvey,DE,DL,JAX,14
2008,1,9,Keith Rivers,LB,LB,CIN,24
2008,1,10,Jerod Mayo,LB,LB,NWE,51
2008,1,11,Leodis McKelvin,DB,DB,BUF,29
2008,1,12,Ryan Clady,T,OL,DEN,65
2008,1,13,Jonathan Stewart,RB,RB,CAR,48
2008,1,14,Chris Williams,T,OL,CHI,25
2008,1,15,Branden Albert,G,OL,KAN,41
2008,1,16,Dominique Rodgers-Cromartie,DB,DB,ARI,53
2008,1,17,Gosder Cherilus,T,OL,DET,48
2008,1,18,Joe Flacco,QB,QB,BAL,97
2008,1,19,Jeff Otah,T,OL,CAR,14
2008,1,20,Aqib Talib,DB,DB,TAM,68
2008,1,21,Sam Baker,T,OL,ATL,32
2008,1,22,Felix Jones,RB,RB,DAL,27
2008,1,23,Rashard Mendenhall,RB,RB,PIT,29
2008,1,24,Chris Johnson,RB,RB,TEN,70
2008,1,25,Mike Jenkins,DB,DB,DAL,27
2008,1,26,Duane Brown,T,OL,HOU,91
2008,1,27,Antoine Cason,DB,DB,SDG,27
2008,1,28,Lawrence Jackson,DE,DL,SEA,15
2008,1,29,Kentwan Balmer,DT,DL,SFO,7
2008,1,30,Dustin Keller,TE,TE,NYJ,22
2008,1,31,Kenny Phillips,DB,DB,NYG,16
2008,2,32,Phillip Merling,DE,DL,MIA,6
2008,2,33,Donnie Avery,WR,WR,STL,21
2008,2,34,Devin Thomas,WR,WR,WAS,4
2008,2,35,Brandon Flowers,DB,DB,KAN,42
2008,2,36,Jordy Nelson,WR,WR,GNB,73
2008,2,37,Curtis Lofton,LB,LB,ATL,49
2008,2,38,John Carlson,TE,TE,SEA,16
2008,2,39,Chilo Rachal,G,OL,SFO,20
2008,2,40,Tracy Porter,DB,DB,NOR,31
2008,2,41,James Hardy,WR,WR,BUF,1
2008,2,42,Eddie Royal,WR,WR,DEN,35
2008,2,43,Tyrell Johnson,DB,DB,MIN,10
2008,2,44,Matt Forte,RB,RB,CHI,84
2008,2,45,Jordon Dizon,LB,LB,DET,2
2008,2,46,Jerome Simpson,WR,WR,CIN,18
2008,2,47,Trevor Laws,DT,DL,PHI,7
2008,2,48,Fred Davis,TE,TE,WAS,14
2008,2,49,DeSean Jackson,WR,WR,PHI,75
2008,2,50,Calais Campbell,DE,DL,ARI,113
2008,2,51,Malcolm Kelly,WR,WR,WAS,3
2008,2,52,Quentin Groves,DE,DL,JAX,17
2008,2,53,Limas Sweed,WR,WR,PIT,1
2008,2,54,Jason Jones,DE,DL,TEN,32
2008,2,55,Ray Rice,RB,RB,BAL,63
2008,2,56,Brian Brohm,QB,QB,GNB,0
2008,2,57,Chad Henne,QB,QB,MIA,26
2008,2,58,Dexter Jackson,WR,WR,TAM,0
2008,2,59,Mike Pollak,T,OL,IND,26
2008,2,60,Pat Lee,DB,DB,GNB,4
2008,2,61,Martellus Bennett,TE,TE,DAL,35
2008,2,62,Terrence Wheatley,DB,DB,NWE,1
2008,2,63,Terrell Thomas,DB,DB,NYG,18
2008,3,64,Kevin Smith,RB,RB,DET,19
2008,3,65,John Greco,T,OL,STL,29
2008,3,66,Kendall Langford,DE,DL,MIA,43
2008,3,67,Charles Godfrey,DB,DB,CAR,27
2008,3,68,Chevis Jackson,DB,DB,ATL,4
2008,3,69,Jacob Hester,FB,RB,SDG,6
2008,3,70,Earl Bennett,WR,WR,CHI,19
2008,3,71,Tavares Gooden,LB,LB,BAL,9
2008,3,72,Chris Ellis,DE,DL,BUF,2
2008,3,73,Jamaal Charles,RB,RB,KAN,66
2008,3,74,Dan Connor,LB,LB,CAR,13
2008,3,75,Reggie Smith,DB,DB,SFO,5
2008,3,76,Brad Cottam,TE,TE,KAN,2
2008,3,77,Pat Sims,DT,DL,CIN,27
2008,3,78,Shawn Crable,LB,LB,NWE,0
2008,3,79,Antwaun Molden,DB,DB,HOU,4
2008,3,80,Bryan Smith,LB,LB,PHI,1
2008,3,81,Early Doucet,WR,WR,ARI,10
2008,3,82,DaJuan Morgan,DB,DB,KAN,3
2008,3,83,Jeremy Zuttah,G,OL,TAM,46
2008,3,84,Harry Douglas,WR,WR,ATL,31
2008,3,85,Craig Stevens,TE,TE,TEN,5
2008,3,86,Tom Zbikowski,DB,DB,BAL,11
2008,3,87,Andre Fluellen,DT,DL,DET,8
2008,3,88,Bruce Davis,LB,LB,PIT,0
2008,3,89,Steve Slaton,RB,RB,HOU,21
2008,3,90,Marcus Harrison,DT,DL,CHI,6
2008,3,91,Jermichael Finley,TE,TE,GNB,27
2008,3,92,Cliff Avril,LB,LB,DET,51
2008,3,93,Philip Wheeler,LB,LB,IND,29
2008,3,94,Kevin O'Connell,QB,QB,NWE,0
2008,3,95,Mario Manningham,WR,WR,NYG,22
2008,3,96,Chad Rinehart,T,OL,WAS,23
2008,3,97,Andre Caldwell,WR,WR,CIN,12
2008,3,98,Thomas DeCoud,DB,DB,ATL,37
2008,3,99,Oniel Cousins,G,OL,BAL,10
2008,4,100,Tyvon Branch,DB,DB,OAK,28
2008,4,101,Justin King,DB,DB,STL,9
2008,4,102,Jeremy Thompson,DE,DL,GNB,1
2008,4,103,William Hayes,DE,DL,TEN,32
2008,4,104,Beau Bell,LB,LB,CLE,0
2008,4,105,Will Franklin,WR,WR,KAN,1
2008,4,106,Marcus Smith,WR,WR,BAL,0
2008,4,107,Cody Wallace,C,OL,SFO,13
2008,4,108,Kory Lichtensteiger,C,OL,DEN,34
2008,4,109,Mike McGlynn,T,OL,PHI,29
2008,4,110,Shawn Murphy,T,OL,MIA,0
2008,4,111,Martin Rucker,TE,TE,CLE,0
2008,4,112,Anthony Collins,T,OL,CIN,16
2008,4,113,Dwight Lowery,DB,DB,NYJ,35
2008,4,114,Reggie Corner,DB,DB,BUF,8
2008,4,115,Dre Moore,DT,DL,TAM,1
2008,4,116,Kenny Iwebema,DE,DL,ARI,2
2008,4,117,Quintin Demps,DB,DB,PHI,22
2008,4,118,Xavier Adibi,LB,LB,HOU,4
2008,4,119,Jack Williams,DB,DB,DEN,2
2008,4,120,Craig Steltz,DB,DB,CHI,6
2008,4,121,Red Bryant,DT,DL,SEA,31
2008,4,122,Tashard Choice,RB,RB,DAL,13
2008,4,123,Bryan Kehl,LB,LB,NYG,7
2008,4,124,Justin Tryon,DB,DB,WAS,6
2008,4,125,Arman Shields,WR,WR,OAK,NA
2008,4,126,Lavelle Hawkins,WR,WR,TEN,7
2008,4,127,Jacob Tamme,TE,TE,IND,21
2008,4,128,Keenan Burton,WR,WR,STL,3
2008,4,129,Jonathan Wilhite,DB,DB,NWE,10
2008,4,130,Tony Hills,T,OL,PIT,3
2008,4,131,Jack Ikegwuonu,DB,DB,PHI,0
2008,4,132,Derek Fine,TE,TE,BUF,2
2008,4,133,David Hale,T,OL,BAL,1
2008,4,134,Stanford Keglar,LB,LB,TEN,3
2008,4,135,Josh Sitton,T,OL,GNB,81
2008,5,136,Kenny Moore,WR,WR,DET,1
2008,5,137,John David Booty,QB,QB,MIN,NA
2008,5,138,Robert James,LB,LB,ATL,1
2008,5,139,Ryan Torain,RB,RB,DEN,5
2008,5,140,Brandon Carr,DB,DB,KAN,53
2008,5,141,Gary Barnidge,TE,TE,CAR,14
2008,5,142,Zackary Bowman,DB,DB,CHI,15
2008,5,143,Orlando Scandrick,DB,DB,DAL,26
2008,5,144,DeMario Pressley,DT,DL,NOR,1
2008,5,145,Jason Shirley,DT,DL,CIN,0
2008,5,146,Jerome Felton,FB,RB,DET,3
2008,5,147,Alvin Bowen,LB,LB,BUF,0
2008,5,148,Carlton Powell,DT,DL,DEN,0
2008,5,149,Tim Hightower,RB,RB,ARI,26
2008,5,150,Breno Giacomini,T,OL,GNB,36
2008,5,151,Frank Okam,DT,DL,HOU,3
2008,5,152,Letroy Guion,DT,DL,MIN,28
2008,5,153,Matthew Slater,WR,WR,NWE,0
2008,5,154,Kroy Biermann,LB,LB,ATL,24
2008,5,155,Thomas Williams,LB,LB,JAX,1
2008,5,156,Dennis Dixon,QB,QB,PIT,2
2008,5,157,Roy Schuening,G,OL,STL,0
2008,5,158,Kellen Davis,TE,TE,CHI,5
2008,5,159,Trae Williams,DB,DB,JAX,NA
2008,5,160,Josh Johnson,QB,QB,TAM,9
2008,5,161,Marcus Howard,LB,LB,IND,1
2008,5,162,Erik Ainge,QB,QB,NYJ,NA
2008,5,163,Owen Schmitt,FB,RB,SEA,1
2008,5,164,Carl Nicks,T,OL,NOR,53
2008,5,165,Jonathan Goff,LB,LB,NYG,9
2008,5,166,Marcus Thomas,RB,RB,SDG,0
2008,6,167,Erik Walden,DE,DL,DAL,37
2008,6,168,Durant Brooks,P,P,WAS,0
2008,6,169,Trevor Scott,DE,DL,OAK,11
2008,6,170,Barry Richardson,T,OL,KAN,19
2008,6,171,Marcus Henry,WR,WR,NYJ,NA
2008,6,172,Thomas Brown,RB,RB,ATL,NA
2008,6,173,Dominique Barber,DB,DB,HOU,5
2008,6,174,Josh Morgan,WR,WR,SFO,21
2008,6,175,Geno Hayes,LB,LB,TAM,30
2008,6,176,Jalen Parmele,RB,RB,MIA,1
2008,6,177,Corey Lynch,DB,DB,CIN,8
2008,6,178,Taylor Mehlhaff,K,K,NOR,0
2008,6,179,Xavier Omon,RB,RB,BUF,0
2008,6,180,Kareem Moore,DB,DB,WAS,7
2008,6,181,Nick Hayden,DT,DL,CAR,25
2008,6,182,Kevin Robinson,WR,WR,KAN,0
2008,6,183,Spencer Larsen,LB,LB,DEN,5
2008,6,184,Mike Gibson,T,OL,PHI,5
2008,6,185,Chris Harrington,DE,DL,ARI,0
2008,6,186,Colt Brennan,QB,QB,WAS,NA
2008,6,187,John Sullivan,C,OL,MIN,54
2008,6,188,Mike Humpal,LB,LB,PIT,NA
2008,6,189,Tyler Schmitt,LB,LB,SEA,NA
2008,6,190,Ahtyba Rubin,DT,DL,CLE,47
2008,6,191,Paul Hubbard,WR,WR,CLE,0
2008,6,192,DeJuan Tribble,DB,DB,SDG,NA
2008,6,193,Jaymar Johnson,WR,WR,MIN,0
2008,6,194,Ryan Mundy,DB,DB,PIT,17
2008,6,195,Donald Thomas,G,OL,MIA,16
2008,6,196,Tom Santi,TE,TE,IND,2
2008,6,197,Bo Ruud,LB,LB,NWE,NA
2008,6,198,Andre Woodson,QB,QB,NYG,NA
2008,6,199,Robert Henderson,DE,DL,NYG,NA
2008,6,200,Joe Mays,LB,LB,PHI,18
2008,6,201,Steve Justice,C,OL,IND,1
2008,6,202,Mike Hart,RB,RB,IND,3
2008,6,203,Andy Studebaker,LB,LB,PHI,11
2008,6,204,Lex Hilliard,RB,RB,MIA,3
2008,6,205,Pierre Garcon,WR,WR,IND,54
2008,6,206,Haruki Nakamura,DB,DB,BAL,10
2008,6,207,Matt Sherry,TE,TE,CIN,NA
2008,7,208,Ervin Baldwin,DE,DL,CHI,0
2008,7,209,Matt Flynn,QB,QB,GNB,8
2008,7,210,Brian Johnston,DE,DL,KAN,0
2008,7,211,Nate Garner,T,OL,NYJ,13
2008,7,212,Wilrey Fontenot,DB,DB,ATL,NA
2008,7,213,Chauncey Washington,RB,RB,JAX,0
2008,7,214,Larry Grant,LB,LB,SFO,10
2008,7,215,Justin Harper,WR,WR,BAL,0
2008,7,216,Landon Cohen,DT,DL,DET,4
2008,7,217,Brett Swain,WR,WR,GNB,1
2008,7,218,Caleb Campbell,DB,DB,DET,0
2008,7,219,Demetress Bell,T,OL,BUF,13
2008,7,220,Josh Barrett,DB,DB,DEN,3
2008,7,221,Hilee Taylor,LB,LB,CAR,1
2008,7,222,Chester Adams,G,OL,CHI,NA
2008,7,223,Alex Brink,QB,QB,HOU,NA
2008,7,224,Stevie Johnson,WR,WR,BUF,33
2008,7,225,Brandon Keith,T,OL,ARI,8
2008,7,226,Chaz Schilens,WR,WR,OAK,7
2008,7,227,Peyton Hillis,FB,RB,DEN,21
2008,7,228,Chris Chamberlain,DB,DB,STL,11
2008,7,229,Cary Williams,DB,DB,TEN,30
2008,7,230,King Dunlap,T,OL,PHI,32
2008,7,231,Alex Hall,LB,LB,CLE,3
2008,7,232,Keith Zinger,TE,TE,ATL,0
2008,7,233,Justin Forsett,RB,RB,SEA,32
2008,7,234,Corey Clark,T,OL,SDG,0
2008,7,235,Brandon Coutu,K,K,SEA,0
2008,7,236,Jamey Richard,T,OL,IND,11
2008,7,237,Adrian Arrington,WR,WR,NOR,1
2008,7,238,Cory Boyd,RB,RB,TAM,0
2008,7,239,Mike Merritt,TE,TE,KAN,NA
2008,7,240,Allen Patrick,RB,RB,BAL,NA
2008,7,241,Geoff Schwartz,T,OL,CAR,18
2008,7,242,Rob Jackson,DE,DL,WAS,9
2008,7,243,Joey LaRocque,LB,LB,CHI,1
2008,7,244,Angelo Craig,LB,LB,CIN,NA
2008,7,245,Lionel Dotson,DT,DL,MIA,0
2008,7,246,Mario Urrutia,WR,WR,CIN,NA
2008,7,247,Kirk Barton,T,OL,CHI,0
2008,7,248,Marcus Monk,WR,WR,CHI,NA
2008,7,249,Chris Horton,DB,DB,WAS,8
2008,7,250,Mackenzy Bernadeau,G,OL,CAR,25
2008,7,251,Kennard Cox,DB,DB,BUF,2
2008,7,252,David Vobora,LB,LB,STL,8
2009,1,1,Matthew Stafford,QB,QB,DET,133
2009,1,2,Jason Smith,T,OL,STL,10
2009,1,3,Tyson Jackson,DE,DL,KAN,34
2009,1,4,Aaron Curry,LB,LB,SEA,16
2009,1,5,Mark Sanchez,QB,QB,NYJ,32
2009,1,6,Andre Smith,T,OL,CIN,41
2009,1,7,Darrius Heyward-Bey,WR,WR,OAK,23
2009,1,8,Eugene Monroe,T,OL,JAX,32
2009,1,9,B.J. Raji,DT,DL,GNB,33
2009,1,10,Michael Crabtree,WR,WR,SFO,53
2009,1,11,Aaron Maybin,DE,DL,BUF,5
2009,1,12,Knowshon Moreno,RB,RB,DEN,33
2009,1,13,Brian Orakpo,LB,LB,WAS,58
2009,1,14,Malcolm Jenkins,DB,DB,NOR,68
2009,1,15,Brian Cushing,LB,LB,HOU,52
2009,1,16,Larry English,LB,LB,SDG,7
2009,1,17,Josh Freeman,QB,QB,TAM,37
2009,1,18,Robert Ayers,DE,DL,DEN,27
2009,1,19,Jeremy Maclin,WR,WR,PHI,50
2009,1,20,Brandon Pettigrew,TE,TE,DET,22
2009,1,21,Alex Mack,C,OL,CLE,86
2009,1,22,Percy Harvin,WR,WR,MIN,43
2009,1,23,Michael Oher,T,OL,BAL,42
2009,1,24,Peria Jerry,DT,DL,ATL,13
2009,1,25,Vontae Davis,DB,DB,MIA,45
2009,1,26,Clay Matthews,LB,LB,GNB,77
2009,1,27,Donald Brown,RB,RB,IND,25
2009,1,28,Eric Wood,C,OL,BUF,47
2009,1,29,Hakeem Nicks,WR,WR,NYG,40
2009,1,30,Kenny Britt,WR,WR,TEN,35
2009,1,31,Beanie Wells,RB,RB,ARI,14
2009,1,32,Evander Hood,DE,DL,PIT,38
2009,2,33,Louis Delmas,DB,DB,DET,25
2009,2,34,Patrick Chung,DB,DB,NWE,38
2009,2,35,James Laurinaitis,LB,LB,STL,51
2009,2,36,Brian Robiskie,WR,WR,CLE,3
2009,2,37,Alphonso Smith,DB,DB,DEN,8
2009,2,38,Rey Maualuga,LB,LB,CIN,49
2009,2,39,Eben Britton,T,OL,JAX,17
2009,2,40,Ron Brace,DT,DL,NWE,6
2009,2,41,Darius Butler,DB,DB,NWE,22
2009,2,42,Jairus Byrd,DB,DB,BUF,38
2009,2,43,Everette Brown,DE,DL,CAR,6
2009,2,44,Pat White,QB,QB,MIA,1
2009,2,45,Clint Sintim,LB,LB,NYG,2
2009,2,46,Connor Barwin,DE,DL,HOU,51
2009,2,47,Mike Mitchell,DB,DB,OAK,33
2009,2,48,Darcel McBath,DB,DB,DEN,3
2009,2,49,Max Unger,C,OL,SEA,69
2009,2,50,Mohamed Massaquoi,WR,WR,CLE,11
2009,2,51,Andy Levitre,G,OL,BUF,55
2009,2,52,David Veikune,LB,LB,CLE,1
2009,2,53,LeSean McCoy,RB,RB,PHI,83
2009,2,54,Phil Loadholt,T,OL,MIN,36
2009,2,55,William Moore,DB,DB,ATL,30
2009,2,56,Fili Moala,DT,DL,IND,19
2009,2,57,Paul Kruger,DE,DL,BAL,29
2009,2,58,Sebastian Vollmer,T,OL,NWE,52
2009,2,59,Sherrod Martin,DB,DB,CAR,16
2009,2,60,Will Beatty,T,OL,NYG,30
2009,2,61,Sean Smith,DB,DB,MIA,38
2009,2,62,Sen'Derrick Marks,DT,DL,TEN,27
2009,2,63,Cody Brown,LB,LB,ARI,NA
2009,2,64,Richard Quinn,TE,TE,DEN,0
2009,3,65,Shonn Greene,RB,RB,NYJ,23
2009,3,66,Bradley Fletcher,DB,DB,STL,24
2009,3,67,Alex Magee,DE,DL,KAN,2
2009,3,68,Jarron Gilbert,DT,DL,CHI,0
2009,3,69,Jason Williams,LB,LB,DAL,4
2009,3,70,Michael Johnson,DE,DL,CIN,54
2009,3,71,Matt Shaughnessy,DE,DL,OAK,22
2009,3,72,Terrance Knighton,DT,DL,JAX,37
2009,3,73,Derek Cox,DB,DB,JAX,20
2009,3,74,Glen Coffee,RB,RB,SFO,2
2009,3,75,Robert Brewster,T,OL,DAL,0
2009,3,76,DeAndre Levy,LB,LB,DET,45
2009,3,77,Antoine Caldwell,G,OL,HOU,11
2009,3,78,Louis Vasquez,G,OL,SDG,59
2009,3,79,Kraig Urbik,T,OL,PIT,27
2009,3,80,Kevin Barnes,DB,DB,WAS,3
2009,3,81,Roy Miller,DT,DL,TAM,33
2009,3,82,Derrick Williams,WR,WR,DET,0
2009,3,83,Brandon Tate,WR,WR,NWE,16
2009,3,84,Mike Wallace,WR,WR,PIT,57
2009,3,85,Ramses Barden,WR,WR,NYG,5
2009,3,86,Asher Allen,DB,DB,MIN,8
2009,3,87,Patrick Turner,WR,WR,MIA,1
2009,3,88,Lardarius Webb,DB,DB,BAL,36
2009,3,89,Jared Cook,TE,TE,TEN,48
2009,3,90,Chris Owens,DB,DB,ATL,11
2009,3,91,Deon Butler,WR,WR,SEA,4
2009,3,92,Jerraud Powers,DB,DB,IND,30
2009,3,93,Corvey Irvin,DT,DL,CAR,1
2009,3,94,Ryan Mouton,DB,DB,TEN,4
2009,3,95,Rashad Johnson,DB,DB,ARI,25
2009,3,96,Keenan Lewis,DB,DB,PIT,22
2009,3,97,Tyrone McKenzie,LB,LB,NWE,1
2009,3,98,Chase Coffman,TE,TE,CIN,0
2009,3,99,Juaquin Iglesias,WR,WR,CHI,0
2009,3,100,Travis Beckum,TE,TE,NYG,2
2009,4,101,Stephen McGee,QB,QB,DAL,2
2009,4,102,Donald Washington,DB,DB,KAN,4
2009,4,103,Darell Scott,DT,DL,STL,5
2009,4,104,Kaluka Maiava,LB,LB,CLE,13
2009,4,105,Henry Melton,DE,DL,CHI,25
2009,4,106,Jonathan Luigs,C,OL,CIN,1
2009,4,107,Mike Thomas,WR,WR,JAX,21
2009,4,108,Brian Hartline,WR,WR,MIA,32
2009,4,109,T.J. Lang,T,OL,GNB,61
2009,4,110,Victor Butler,LB,LB,DAL,6
2009,4,111,Mike Goodson,RB,RB,CAR,7
2009,4,112,Glover Quin,DB,DB,HOU,51
2009,4,113,Vaughn Martin,DT,DL,SDG,12
2009,4,114,David Bruton,DB,DB,DEN,10
2009,4,115,Sammie Lee Hill,DT,DL,DET,21
2009,4,116,Chip Vaughn,DB,DB,NOR,0
2009,4,117,Kyle Moore,DE,DL,TAM,8
2009,4,118,Stanley Arnoux,LB,LB,NOR,1
2009,4,119,D.J. Moore,DB,DB,CHI,6
2009,4,120,Brandon Williams,DE,DL,DAL,0
2009,4,121,Shawn Nelson,TE,TE,BUF,1
2009,4,122,Anthony Hill,TE,TE,HOU,0
2009,4,123,Rich Ohrnberger,G,OL,NWE,8
2009,4,124,Louis Murphy,WR,WR,OAK,19
2009,4,125,Lawrence Sidbury,DE,DL,ATL,5
2009,4,126,Slade Norris,DE,DL,OAK,0
2009,4,127,Austin Collie,WR,WR,IND,18
2009,4,128,Tony Fiammetta,RB,RB,CAR,1
2009,4,129,Andre Brown,RB,RB,NYG,7
2009,4,130,Gerald McRath,LB,LB,TEN,7
2009,4,131,Greg Toler,DB,DB,ARI,21
2009,4,132,Seth Olsen,G,OL,DEN,3
2009,4,133,Tyronne Green,G,OL,SDG,15
2009,4,134,Gartrell Johnson,RB,RB,SDG,0
2009,4,135,Troy Kropog,T,OL,TEN,0
2009,4,136,Terrance Taylor,DT,DL,IND,NA
2009,5,137,Jason Phillips,LB,LB,BAL,3
2009,5,138,William Middleton,DB,DB,ATL,8
2009,5,139,Colin Brown,T,OL,KAN,3
2009,5,140,Johnny Knox,WR,WR,CHI,20
2009,5,141,Kenny McKinley,WR,WR,DEN,0
2009,5,142,Kevin Huber,P,P,CIN,23
2009,5,143,DeAngelo Smith,DB,DB,DAL,1
2009,5,144,Jarett Dillard,WR,WR,JAX,4
2009,5,145,Quinn Johnson,RB,RB,GNB,0
2009,5,146,Scott McKillop,LB,LB,SFO,2
2009,5,147,Nic Harris,LB,LB,BUF,5
2009,5,148,Brandon Hughes,DB,DB,SDG,2
2009,5,149,Davon Drew,TE,TE,BAL,NA
2009,5,150,Jasper Brinkley,LB,LB,MIN,21
2009,5,151,Rhett Bomar,QB,QB,NYG,NA
2009,5,152,James Casey,TE,TE,HOU,7
2009,5,153,Cornelius Ingram,TE,TE,PHI,NA
2009,5,154,Marcus Freeman,LB,LB,CHI,NA
2009,5,155,Xavier Fulton,T,OL,TAM,NA
2009,5,156,Garrett Reynolds,T,OL,ATL,18
2009,5,157,Victor Harris,DB,DB,PHI,3
2009,5,158,Cody Glenn,LB,LB,WAS,2
2009,5,159,Fenuki Tupou,T,OL,PHI,NA
2009,5,160,Brooks Foster,WR,WR,STL,NA
2009,5,161,John Nalbone,TE,TE,MIA,0
2009,5,162,Jamon Meredith,T,OL,GNB,14
2009,5,163,Duke Robinson,G,OL,CAR,NA
2009,5,164,Thomas Morstead,P,P,NOR,29
2009,5,165,Chris Clemons,DB,DB,MIA,20
2009,5,166,Michael Hamlin,DB,DB,DAL,0
2009,5,167,Herman Johnson,T,OL,ARI,NA
2009,5,168,Joe Burnett,DB,DB,PIT,1
2009,5,169,Frank Summers,RB,RB,PIT,1
2009,5,170,George Bussey,T,OL,NWE,NA
2009,5,171,Nate Davis,QB,QB,SFO,NA
2009,5,172,David Buehler,K,K,DAL,2
2009,5,173,Javon Ringer,RB,RB,TEN,5
2009,6,174,Tom Brandstater,QB,QB,DEN,0
2009,6,175,Quinten Lawrence,WR,WR,KAN,0
2009,6,176,Spencer Adkins,LB,LB,ATL,2
2009,6,177,Don Carey,DB,DB,CLE,12
2009,6,178,Mike Teel,QB,QB,SEA,NA
2009,6,179,Morgan Trent,DB,DB,CIN,4
2009,6,180,Zach Miller,TE,TE,JAX,12
2009,6,181,Andrew Gardner,T,OL,MIA,7
2009,6,182,Jarius Wynn,DE,DL,GNB,8
2009,6,183,Cary Harris,DB,DB,BUF,1
2009,6,184,Bear Pascoe,TE,TE,SFO,3
2009,6,185,Cedric Peerman,RB,RB,BAL,4
2009,6,186,Robert Henson,LB,LB,WAS,0
2009,6,187,Brandon Underwood,DB,DB,GNB,2
2009,6,188,Brice McCain,DB,DB,HOU,18
2009,6,189,Kevin Ellison,LB,LB,SDG,4
2009,6,190,Al Afalava,DB,DB,CHI,5
2009,6,191,Coye Francies,DB,DB,CLE,1
2009,6,192,Aaron Brown,RB,RB,DET,2
2009,6,193,Matt Slauson,G,OL,NYJ,43
2009,6,194,Brandon Gibson,WR,WR,PHI,17
2009,6,195,James Davis,RB,RB,CLE,1
2009,6,196,Keith Null,QB,QB,STL,1
2009,6,197,Stephen Hodge,DB,DB,DAL,NA
2009,6,198,Jake Ingram,C,OL,NWE,1
2009,6,199,Stryker Sulak,DE,DL,OAK,NA
2009,6,200,DeAndre Wright,DB,DB,NYG,NA
2009,6,201,Curtis Painter,QB,QB,IND,2
2009,6,202,Brandon Myers,TE,TE,OAK,12
2009,6,203,Jason McCourty,DB,DB,TEN,45
2009,6,204,Will Davis,DE,DL,ARI,3
2009,6,205,Ra'Shon Harris,DT,DL,PIT,0
2009,6,206,Dominique Edison,WR,WR,TEN,0
2009,6,207,Myron Pryor,DT,DL,NWE,3
2009,6,208,John Phillips,TE,TE,DAL,2
2009,6,209,Bernard Scott,RB,RB,CIN,9
2009,7,210,Vance Walker,DT,DL,ATL,21
2009,7,211,Chris Ogbonnaya,RB,RB,STL,7
2009,7,212,Javarris Williams,RB,RB,KAN,0
2009,7,213,Paul Fanaika,G,OL,PHI,13
2009,7,214,J.D. Folsom,LB,LB,MIA,0
2009,7,215,Fui Vakapuna,RB,RB,CIN,NA
2009,7,216,Captain Munnerlyn,DB,DB,CAR,35
2009,7,217,E.J. Biggers,DB,DB,TAM,13
2009,7,218,Brad Jones,LB,LB,GNB,18
2009,7,219,Curtis Taylor,DB,DB,SFO,0
2009,7,220,Ellis Lankster,DB,DB,BUF,5
2009,7,221,Eddie Williams,RB,RB,WAS,0
2009,7,222,Pat McAfee,K,K,IND,18
2009,7,223,Troy Nolan,DB,DB,HOU,5
2009,7,224,Demetrius Byrd,WR,WR,SDG,NA
2009,7,225,Blake Schlueter,C,OL,DEN,NA
2009,7,226,A.Q. Shipley,C,OL,PIT,33
2009,7,227,Mike Mickens,DB,DB,DAL,NA
2009,7,228,Lydon Murtha,T,OL,DET,2
2009,7,229,Manuel Johnson,WR,WR,DAL,0
2009,7,230,Moise Fokou,LB,LB,PHI,18
2009,7,231,Jamarca Sanford,DB,DB,MIN,15
2009,7,232,Julian Edelman,WR,WR,NWE,61
2009,7,233,Sammie Stroughter,WR,WR,TAM,5
2009,7,234,Darryl Richard,DT,DL,NWE,NA
2009,7,235,Zack Follett,LB,LB,DET,2
2009,7,236,Jaimie Thomas,T,OL,IND,1
2009,7,237,Jake O'Connell,TE,TE,KAN,0
2009,7,238,Stoney Woodson,DB,DB,NYG,NA
2009,7,239,Ryan Durand,G,OL,TEN,0
2009,7,240,LaRod Stephens-Howling,RB,RB,ARI,9
2009,7,241,David Johnson,TE,TE,PIT,3
2009,7,242,Nick Schommer,DB,DB,TEN,1
2009,7,243,Marko Mitchell,WR,WR,WAS,0
2009,7,244,Ricky Jean-Francois,DT,DL,SFO,23
2009,7,245,Courtney Greene,DB,DB,SEA,5
2009,7,246,Lance Louis,G,OL,CHI,18
2009,7,247,Nick Reed,DE,DL,SEA,3
2009,7,248,Cameron Morrah,TE,TE,SEA,2
2009,7,249,Clinton McDonald,DT,DL,CIN,26
2009,7,250,Rashad Jennings,RB,RB,JAX,31
2009,7,251,Derek Kinder,WR,WR,CHI,NA
2009,7,252,Freddie Brown,WR,WR,CIN,NA
2009,7,253,Tiquan Underwood,WR,WR,JAX,9
2009,7,254,Trevor Canfield,G,OL,ARI,NA
2009,7,255,Dan Gronkowski,TE,TE,DET,1
2009,7,256,Ryan Succop,K,K,KAN,29
2010,1,1,Sam Bradford,QB,QB,STL,44
2010,1,2,Ndamukong Suh,DT,DL,DET,100
2010,1,3,Gerald McCoy,DT,DL,TAM,69
2010,1,4,Trent Williams,T,OL,WAS,109
2010,1,5,Eric Berry,DB,DB,KAN,50
2010,1,6,Russell Okung,T,OL,SEA,56
2010,1,7,Joe Haden,DB,DB,CLE,62
2010,1,8,Rolando McClain,LB,LB,OAK,25
2010,1,9,C.J. Spiller,RB,RB,BUF,34
2010,1,10,Tyson Alualu,DT,DL,JAX,45
2010,1,11,Anthony Davis,T,OL,SFO,31
2010,1,12,Ryan Mathews,RB,RB,SDG,44
2010,1,13,Brandon Graham,DE,DL,PHI,59
2010,1,14,Earl Thomas,DB,DB,SEA,82
2010,1,15,Jason Pierre-Paul,DE,DL,NYG,74
2010,1,16,Derrick Morgan,DE,DL,TEN,40
2010,1,17,Mike Iupati,G,OL,SFO,67
2010,1,18,Maurkice Pouncey,C,OL,PIT,78
2010,1,19,Sean Weatherspoon,LB,LB,ATL,22
2010,1,20,Kareem Jackson,DB,DB,HOU,52
2010,1,21,Jermaine Gresham,TE,TE,CIN,28
2010,1,22,Demaryius Thomas,WR,WR,DEN,69
2010,1,23,Bryan Bulaga,T,OL,GNB,56
2010,1,24,Dez Bryant,WR,WR,DAL,61
2010,1,25,Tim Tebow,QB,QB,DEN,12
2010,1,26,Dan Williams,DT,DL,ARI,29
2010,1,27,Devin McCourty,DB,DB,NWE,71
2010,1,28,Jared Odrick,DE,DL,MIA,29
2010,1,29,Kyle Wilson,DB,DB,NYJ,16
2010,1,30,Jahvid Best,RB,RB,DET,13
2010,1,31,Jerry Hughes,DE,DL,IND,68
2010,1,32,Patrick Robinson,DB,DB,NOR,25
2010,2,33,Rodger Saffold,T,OL,STL,71
2010,2,34,Chris Cook,DB,DB,MIN,10
2010,2,35,Brian Price,DT,DL,TAM,4
2010,2,36,Dexter McCluster,WR,WR,KAN,21
2010,2,37,Nate Allen,DB,DB,PHI,29
2010,2,38,T.J. Ward,DB,DB,CLE,41
2010,2,39,Arrelious Benn,WR,WR,TAM,8
2010,2,40,Koa Misi,LB,LB,MIA,30
2010,2,41,Torell Troup,DT,DL,BUF,2
2010,2,42,Rob Gronkowski,TE,TE,NWE,78
2010,2,43,Sergio Kindle,LB,LB,BAL,0
2010,2,44,Lamarr Houston,DE,DL,OAK,31
2010,2,45,Zane Beadles,G,OL,DEN,53
2010,2,46,Linval Joseph,DT,DL,NYG,70
2010,2,47,Daryl Washington,LB,LB,ARI,34
2010,2,48,Jimmy Clausen,QB,QB,CAR,3
2010,2,49,Taylor Mays,DB,DB,SFO,9
2010,2,50,Javier Arenas,DB,DB,KAN,9
2010,2,51,Toby Gerhart,RB,RB,MIN,16
2010,2,52,Jason Worilds,DE,DL,PIT,22
2010,2,53,Jermaine Cunningham,LB,LB,NWE,8
2010,2,54,Carlos Dunlap,DE,DL,CIN,67
2010,2,55,Sean Lee,LB,LB,DAL,53
2010,2,56,Mike Neal,DE,DL,GNB,17
2010,2,57,Terrence Cody,DT,DL,BAL,14
2010,2,58,Ben Tate,RB,RB,HOU,14
2010,2,59,Montario Hardesty,RB,RB,CLE,4
2010,2,60,Golden Tate,WR,WR,SEA,58
2010,2,61,Vlad Ducasse,T,OL,NYJ,21
2010,2,62,Brandon Spikes,LB,LB,NWE,25
2010,2,63,Pat Angerer,LB,LB,IND,18
2010,2,64,Charles Brown,T,OL,NOR,15
2010,3,65,Jerome Murphy,DB,DB,STL,3
2010,3,66,Amari Spievey,DB,DB,DET,11
2010,3,67,Myron Lewis,DB,DB,TAM,1
2010,3,68,Jon Asamoah,G,OL,KAN,21
2010,3,69,Jared Veldheer,T,OL,OAK,45
2010,3,70,Ed Dickson,TE,TE,BAL,16
2010,3,71,Morgan Burnett,DB,DB,GNB,32
2010,3,72,Alex Carrington,DE,DL,BUF,7
2010,3,73,John Jerry,T,OL,MIA,40
2010,3,74,D'Anthony Smith,DT,DL,JAX,1
2010,3,75,Major Wright,DB,DB,CHI,20
2010,3,76,Chad Jones,DB,DB,NYG,NA
2010,3,77,Damian Williams,WR,WR,TEN,10
2010,3,78,Brandon LaFell,WR,WR,CAR,43
2010,3,79,Donald Butler,LB,LB,SDG,29
2010,3,80,J.D. Walton,C,OL,DEN,22
2010,3,81,Earl Mitchell,DT,DL,HOU,29
2010,3,82,Emmanuel Sanders,WR,WR,PIT,63
2010,3,83,Corey Peters,DT,DL,ATL,49
2010,3,84,Jordan Shipley,WR,WR,CIN,7
2010,3,85,Colt McCoy,QB,QB,CLE,17
2010,3,86,Daniel Te'o-Nesheim,DE,DL,PHI,12
2010,3,87,Eric Decker,WR,WR,DEN,45
2010,3,88,Andre Roberts,WR,WR,ARI,24
2010,3,89,Armanti Edwards,WR,WR,CAR,1
2010,3,90,Taylor Price,WR,WR,NWE,1
2010,3,91,NaVorro Bowman,LB,LB,SFO,71
2010,3,92,Shawn Lauvao,G,OL,CLE,36
2010,3,93,Tony Moeaki,TE,TE,KAN,10
2010,3,94,Kevin Thomas,DB,DB,IND,2
2010,3,95,Jimmy Graham,TE,TE,NOR,61
2010,3,96,Brandon Ghee,DB,DB,CIN,2
2010,3,97,Rennie Curran,LB,LB,TEN,1
2010,3,98,Mike Johnson,G,OL,ATL,2
2010,4,99,Mardy Gilyard,WR,WR,STL,1
2010,4,100,Everson Griffen,DE,DL,MIN,67
2010,4,101,Mike Williams,WR,WR,TAM,25
2010,4,102,Darryl Sharpton,LB,LB,HOU,10
2010,4,103,Perry Riley,LB,LB,WAS,30
2010,4,104,Alterraun Verner,DB,DB,TEN,33
2010,4,105,Trevard Lindley,DB,DB,PHI,1
2010,4,106,Bruce Campbell,T,OL,OAK,1
2010,4,107,Marcus Easley,WR,WR,BUF,1
2010,4,108,Jacoby Ford,WR,WR,OAK,12
2010,4,109,Corey Wootton,DE,DL,CHI,14
2010,4,110,Darrell Stuckey,DB,DB,SDG,8
2010,4,111,Walter Thurmond,DB,DB,SEA,12
2010,4,112,Joe McKnight,RB,RB,NYJ,7
2010,4,113,Aaron Hernandez,TE,TE,NWE,21
2010,4,114,Dennis Pitta,TE,TE,BAL,16
2010,4,115,Phillip Dillard,LB,LB,NYG,0
2010,4,116,Thaddeus Gibson,DE,DL,PIT,0
2010,4,117,Joe Hawley,C,OL,ATL,27
2010,4,118,Garrett Graham,TE,TE,HOU,7
2010,4,119,A.J. Edds,LB,LB,MIA,1
2010,4,120,Geno Atkins,DT,DL,CIN,89
2010,4,121,Keenan Clayton,LB,LB,PHI,3
2010,4,122,Mike Kafka,QB,QB,PHI,0
2010,4,123,Al Woods,DT,DL,NOR,34
2010,4,124,Eric Norwood,LB,LB,CAR,2
2010,4,125,Clay Harbor,TE,TE,PHI,7
2010,4,126,Akwasi Owusu-Ansah,DB,DB,DAL,1
2010,4,127,E.J. Wilson,DE,DL,SEA,0
2010,4,128,Jason Fox,T,OL,DET,9
2010,4,129,Jacques McClendon,G,OL,IND,3
2010,4,130,O'Brien Schofield,DE,DL,ARI,15
2010,4,131,Roddrick Muckelroy,LB,LB,CIN,1
2010,5,132,Michael Hoomanawanui,TE,TE,STL,5
2010,5,133,Kam Chancellor,DB,DB,SEA,49
2010,5,134,Ricky Sapp,DE,DL,PHI,1
2010,5,135,Dominique Franks,DB,DB,ATL,6
2010,5,136,Kendrick Lewis,DB,DB,KAN,30
2010,5,137,Perrish Cox,DB,DB,DEN,19
2010,5,138,Walter McFadden,DB,DB,OAK,0
2010,5,139,John Conner,RB,RB,NYJ,0
2010,5,140,Ed Wang,T,OL,BUF,0
2010,5,141,Joshua Moore,DB,DB,CHI,0
2010,5,142,Cameron Sheffield,DE,DL,KAN,1
2010,5,143,Larry Hart,DE,DL,JAX,1
2010,5,144,Sherrick McManis,DB,DB,HOU,9
2010,5,145,Nolan Carroll,DB,DB,MIA,20
2010,5,146,Cam Thomas,DT,DL,SDG,16
2010,5,147,Mitch Petrus,G,OL,NYG,4
2010,5,148,Robert Johnson,DB,DB,TEN,2
2010,5,149,Hall Davis,DE,DL,STL,0
2010,5,150,Zoltan Mesko,P,P,NWE,6
2010,5,151,Chris Scott,G,OL,PIT,9
2010,5,152,Otis Hudson,T,OL,CIN,NA
2010,5,153,Austen Lane,DE,DL,JAX,7
2010,5,154,Andrew Quarless,TE,TE,GNB,9
2010,5,155,John Skelton,QB,QB,ARI,4
2010,5,156,David Reed,WR,WR,BAL,2
2010,5,157,Arthur Jones,DE,DL,BAL,18
2010,5,158,Matt Tennant,C,OL,NOR,3
2010,5,159,Riley Cooper,WR,WR,PHI,17
2010,5,160,Larry Asante,DB,DB,CLE,2
2010,5,161,Chris DeGeare,G,OL,MIN,2
2010,5,162,Brody Eldridge,TE,TE,IND,0
2010,5,163,Reshad Jones,DB,DB,MIA,44
2010,5,164,Crezdon Butler,DB,DB,PIT,2
2010,5,165,Kerry Meier,WR,WR,ATL,0
2010,5,166,Stevenson Sylvester,LB,LB,PIT,6
2010,5,167,Nate Triplett,LB,LB,MIN,0
2010,5,168,Jonathan Crompton,QB,QB,SDG,NA
2010,5,169,Marshall Newhouse,G,OL,GNB,40
2010,6,170,Fendi Onobun,TE,TE,STL,0
2010,6,171,Shann Schillinger,DB,DB,ATL,2
2010,6,172,Brent Bowden,P,P,TAM,NA
2010,6,173,Anthony Dixon,RB,RB,SFO,7
2010,6,174,Dennis Morris,RB,RB,WAS,NA
2010,6,175,Greg Hardy,DE,DL,CAR,33
2010,6,176,Rusty Smith,QB,QB,TEN,1
2010,6,177,Carlton Mitchell,WR,WR,CLE,0
2010,6,178,Arthur Moats,LB,LB,BUF,22
2010,6,179,Sam Young,T,OL,DAL,16
2010,6,180,Deji Karim,RB,RB,JAX,4
2010,6,181,Dan LeFevour,QB,QB,CHI,NA
2010,6,182,Nate Byham,TE,TE,SFO,0
2010,6,183,Eric Olsen,C,OL,DEN,3
2010,6,184,Adrian Tracy,DE,DL,NYG,1
2010,6,185,Anthony McCoy,TE,TE,SEA,4
2010,6,186,Clifton Geathers,DE,DL,CLE,3
2010,6,187,Shelley Smith,G,OL,HOU,7
2010,6,188,Jonathan Dwyer,RB,RB,PIT,8
2010,6,189,Eugene Sims,DE,DL,STL,17
2010,6,190,Travis Goethel,LB,LB,OAK,1
2010,6,191,Dezmon Briscoe,WR,WR,CIN,4
2010,6,192,Danny Batten,DE,DL,BUF,2
2010,6,193,James Starks,RB,RB,GNB,26
2010,6,194,Ramon Harewood,T,OL,BAL,2
2010,6,195,Antonio Brown,WR,WR,PIT,92
2010,6,196,Jamar Wall,DB,DB,DAL,0
2010,6,197,Trindon Holliday,WR,WR,HOU,4
2010,6,198,David Gettis,WR,WR,CAR,3
2010,6,199,Joe Webb,WR,WR,MIN,4
2010,6,200,Charles Scott,RB,RB,PHI,NA
2010,6,201,Jorrick Calvin,DB,DB,ARI,1
2010,6,202,Jordan Pugh,DB,DB,CAR,4
2010,6,203,Scotty McGee,DB,DB,JAX,NA
2010,6,204,Tony Pike,QB,QB,CAR,0
2010,6,205,Ted Larsen,C,OL,NWE,36
2010,6,206,Kyle Williams,WR,WR,SFO,6
2010,6,207,Myron Rolle,DB,DB,TEN,NA
2010,7,208,Thomas Welch,T,OL,NWE,2
2010,7,209,Levi Brown,QB,QB,BUF,0
2010,7,210,Cody Grimm,DB,DB,TAM,5
2010,7,211,Marquis Johnson,DB,DB,STL,0
2010,7,212,Chris McCoy,DE,DL,MIA,NA
2010,7,213,Willie Young,DE,DL,DET,22
2010,7,214,Mickey Shuler,TE,TE,MIN,0
2010,7,215,Jeremy Ware,DB,DB,OAK,1
2010,7,216,Kyle Calloway,T,OL,BUF,NA
2010,7,217,Dekoda Watson,LB,LB,TAM,11
2010,7,218,J'Marcus Webb,T,OL,CHI,29
2010,7,219,Terrence Austin,WR,WR,WAS,1
2010,7,220,Jamar Chaney,LB,LB,PHI,13
2010,7,221,Matt Dodge,P,P,NYG,2
2010,7,222,Marc Mariani,WR,WR,TEN,5
2010,7,223,R.J. Stanford,DB,DB,CAR,4
2010,7,224,Phillip Adams,DB,DB,SFO,9
2010,7,225,Syd'Quan Thompson,DB,DB,DEN,1
2010,7,226,George Selvie,DE,DL,STL,17
2010,7,227,Dorin Dickerson,WR,WR,HOU,1
2010,7,228,Reggie Stephens,C,OL,CIN,NA
2010,7,229,Erik Cook,C,OL,WAS,1
2010,7,230,C.J. Wilson,DE,DL,GNB,13
2010,7,231,Selvish Capers,T,OL,WAS,0
2010,7,232,Jammie Kirlew,DE,DL,DEN,0
2010,7,233,Jim Dray,TE,TE,ARI,3
2010,7,234,Sean Lissemore,DT,DL,DAL,13
2010,7,235,Dedrick Epps,TE,TE,SDG,0
2010,7,236,Dexter Davis,LB,LB,SEA,1
2010,7,237,Ryan D'Imperio,RB,RB,MIN,0
2010,7,238,Ricardo Mathews,DT,DL,IND,14
2010,7,239,Sean Canfield,QB,QB,NOR,NA
2010,7,240,Kavell Conner,LB,LB,IND,20
2010,7,241,David Howard,DT,DL,TEN,NA
2010,7,242,Doug Worthington,DT,DL,PIT,0
2010,7,243,Jeff Owens,DT,DL,PHI,0
2010,7,244,Kurt Coleman,DB,DB,PHI,33
2010,7,245,Jameson Konz,TE,TE,SEA,0
2010,7,246,Ray Fisher,DB,DB,IND,NA
2010,7,247,Brandon Deaderick,DE,DL,NWE,9
2010,7,248,Kade Weston,DT,DL,NWE,NA
2010,7,249,Robert McClain,DB,DB,CAR,14
2010,7,250,Zac Robinson,QB,QB,NWE,NA
2010,7,251,Stevie Brown,DB,DB,OAK,10
2010,7,252,Austin Spitler,LB,LB,MIA,5
2010,7,253,Erik Lorig,DE,DL,TAM,2
2010,7,254,Josh Hull,LB,LB,STL,3
2010,7,255,Tim Toone,WR,WR,DET,NA
2011,1,1,Cam Newton,QB,QB,CAR,115
2011,1,2,Von Miller,LB,LB,DEN,105
2011,1,3,Marcell Dareus,DT,DL,BUF,56
2011,1,4,A.J. Green,WR,WR,CIN,77
2011,1,5,Patrick Peterson,DB,DB,ARI,103
2011,1,6,Julio Jones,WR,WR,ATL,101
2011,1,7,Aldon Smith,DE,DL,SFO,34
2011,1,8,Jake Locker,QB,QB,TEN,15
2011,1,9,Tyron Smith,T,OL,DAL,91
2011,1,10,Blaine Gabbert,QB,QB,JAX,17
2011,1,11,J.J. Watt,DE,DL,HOU,110
2011,1,12,Christian Ponder,QB,QB,MIN,22
2011,1,13,Nick Fairley,DT,DL,DET,23
2011,1,14,Robert Quinn,DE,DL,STL,69
2011,1,15,Mike Pouncey,G,OL,MIA,52
2011,1,16,Ryan Kerrigan,DE,DL,WAS,63
2011,1,17,Nate Solder,T,OL,NWE,64
2011,1,18,Corey Liuget,DT,DL,SDG,42
2011,1,19,Prince Amukamara,DB,DB,NYG,36
2011,1,20,Adrian Clayborn,DE,DL,TAM,26
2011,1,21,Phil Taylor,DT,DL,CLE,19
2011,1,22,Anthony Castonzo,T,OL,IND,58
2011,1,23,Danny Watkins,G,OL,PHI,9
2011,1,24,Cameron Jordan,DE,DL,NOR,109
2011,1,25,James Carpenter,T,OL,SEA,49
2011,1,26,Jonathan Baldwin,WR,WR,KAN,4
2011,1,27,Jimmy Smith,DB,DB,BAL,33
2011,1,28,Mark Ingram,RB,RB,NOR,66
2011,1,29,Gabe Carimi,T,OL,CHI,12
2011,1,30,Muhammad Wilkerson,DT,DL,NYJ,58
2011,1,31,Cameron Heyward,DE,DL,PIT,114
2011,1,32,Derek Sherrod,T,OL,GNB,3
2011,2,33,Ras-I Dowling,DB,DB,NWE,1
2011,2,34,Aaron Williams,DB,DB,BUF,17
2011,2,35,Andy Dalton,QB,QB,CIN,92
2011,2,36,Colin Kaepernick,QB,QB,SFO,45
2011,2,37,Jabaal Sheard,DE,DL,CLE,47
2011,2,38,Ryan Williams,RB,RB,ARI,1
2011,2,39,Akeem Ayers,LB,LB,TEN,28
2011,2,40,Bruce Carter,LB,LB,DAL,20
2011,2,41,Jarvis Jenkins,DT,DL,WAS,23
2011,2,42,Brooks Reed,LB,LB,HOU,37
2011,2,43,Kyle Rudolph,TE,TE,MIN,36
2011,2,44,Titus Young,WR,WR,DET,8
2011,2,45,Rahim Moore,DB,DB,DEN,20
2011,2,46,Orlando Franklin,T,OL,DEN,42
2011,2,47,Lance Kendricks,TE,TE,STL,16
2011,2,48,Stefen Wisniewski,C,OL,OAK,41
2011,2,49,Ben Ijalana,T,OL,IND,6
2011,2,50,Marcus Gilchrist,DB,DB,SDG,33
2011,2,51,Da'Quan Bowers,DE,DL,TAM,7
2011,2,52,Marvin Austin,DT,DL,NYG,2
2011,2,53,Stephen Paea,DT,DL,CHI,19
2011,2,54,Jaiquawn Jarrett,DB,DB,PHI,5
2011,2,55,Rodney Hudson,C,OL,KAN,61
2011,2,56,Shane Vereen,RB,RB,NWE,25
2011,2,57,Mikel Leshoure,RB,RB,DET,5
2011,2,58,Torrey Smith,WR,WR,BAL,37
2011,2,59,Greg Little,WR,WR,CLE,12
2011,2,60,Brandon Harris,DB,DB,HOU,3
2011,2,61,Jonas Mouton,LB,LB,SDG,0
2011,2,62,Daniel Thomas,RB,RB,MIA,11
2011,2,63,Marcus Gilbert,T,OL,PIT,36
2011,2,64,Randall Cobb,WR,WR,GNB,64
2011,3,65,Terrell McClain,DT,DL,CAR,17
2011,3,66,Dontay Moch,LB,LB,CIN,0
2011,3,67,Nate Irving,LB,LB,DEN,9
2011,3,68,Kelvin Sheppard,LB,LB,BUF,25
2011,3,69,Rob Housler,TE,TE,ARI,9
2011,3,70,Justin Houston,LB,LB,KAN,74
2011,3,71,DeMarco Murray,RB,RB,DAL,60
2011,3,72,Martez Wilson,LB,LB,NOR,2
2011,3,73,Stevan Ridley,RB,RB,NWE,25
2011,3,74,Ryan Mallett,QB,QB,NWE,4
2011,3,75,John Moffitt,G,OL,SEA,6
2011,3,76,Will Rackley,G,OL,JAX,8
2011,3,77,Jurrell Casey,DT,DL,TEN,72
2011,3,78,Austin Pettis,WR,WR,STL,8
2011,3,79,Leonard Hankerson,WR,WR,WAS,12
2011,3,80,Chris Culliver,DB,DB,SFO,12
2011,3,81,DeMarcus Van Dyke,DB,DB,OAK,3
2011,3,82,Vincent Brown,WR,WR,SDG,9
2011,3,83,Jerrel Jernigan,WR,WR,NYG,2
2011,3,84,Mason Foster,LB,LB,TAM,40
2011,3,85,Jah Reid,T,OL,BAL,10
2011,3,86,Allen Bailey,DE,DL,KAN,34
2011,3,87,Drake Nevis,DT,DL,IND,4
2011,3,88,Johnny Patrick,DB,DB,NOR,4
2011,3,89,Shareece Wright,DB,DB,SDG,21
2011,3,90,Curtis Marsh,DB,DB,PHI,1
2011,3,91,Akeem Dent,LB,LB,ATL,17
2011,3,92,Joe Barksdale,T,OL,OAK,35
2011,3,93,Chris Conte,DB,DB,CHI,28
2011,3,94,Kenrick Ellis,DT,DL,NYJ,10
2011,3,95,Curtis Brown,DB,DB,PIT,2
2011,3,96,Alex Green,RB,RB,GNB,5
2011,3,97,Sione Fua,DT,DL,CAR,5
2011,4,98,Brandon Hogan,DB,DB,CAR,0
2011,4,99,K.J. Wright,LB,LB,SEA,64
2011,4,100,Da'Norris Searcy,DB,DB,BUF,24
2011,4,101,Clint Boling,G,OL,CIN,46
2011,4,102,Jordan Cameron,TE,TE,CLE,13
2011,4,103,Sam Acho,DE,DL,ARI,30
2011,4,104,Luke Stocker,TE,TE,TAM,5
2011,4,105,Roy Helu,RB,RB,WAS,13
2011,4,106,Christian Ballard,DT,DL,MIN,3
2011,4,107,Kris Durham,WR,WR,SEA,5
2011,4,108,Quinton Carter,DB,DB,DEN,5
2011,4,109,Colin McCarthy,LB,LB,TEN,11
2011,4,110,David Arkin,G,OL,DAL,0
2011,4,111,Clyde Gates,WR,WR,MIA,3
2011,4,112,Greg Salas,WR,WR,STL,4
2011,4,113,Chimdi Chekwa,DB,DB,OAK,2
2011,4,114,Cecil Shorts,WR,WR,JAX,19
2011,4,115,Kendall Hunter,RB,RB,SFO,12
2011,4,116,Casey Matthews,LB,LB,PHI,10
2011,4,117,James Brewer,T,OL,NYG,4
2011,4,118,Jalil Brown,DB,DB,KAN,4
2011,4,119,Delone Carter,RB,RB,IND,3
2011,4,120,Alex Henery,K,K,PHI,8
2011,4,121,Chris Prosinski,DB,DB,JAX,10
2011,4,122,Chris Hairston,T,OL,BUF,17
2011,4,123,Tandon Doss,WR,WR,BAL,4
2011,4,124,Owen Marecic,RB,RB,CLE,0
2011,4,125,Taiwan Jones,RB,RB,OAK,3
2011,4,126,Bilal Powell,RB,RB,NYJ,26
2011,4,127,Roc Carmichael,DB,DB,HOU,2
2011,4,128,Cortez Allen,DB,DB,PIT,10
2011,4,129,Julius Thomas,TE,TE,DEN,21
2011,4,130,Jamie Harper,RB,RB,TEN,1
2011,4,131,Davon House,DB,DB,GNB,17
2011,5,132,Kealoha Pilares,WR,WR,CAR,1
2011,5,133,Johnny White,RB,RB,BUF,0
2011,5,134,Robert Sands,DB,DB,CIN,0
2011,5,135,Ricky Stanzi,QB,QB,KAN,NA
2011,5,136,Anthony Sherman,RB,RB,ARI,5
2011,5,137,Buster Skrine,DB,DB,CLE,35
2011,5,138,Marcus Cannon,T,OL,NWE,43
2011,5,139,Brandon Burton,DB,DB,MIN,1
2011,5,140,Gabe Miller,LB,LB,KAN,0
2011,5,141,D.J. Williams,TE,TE,GNB,4
2011,5,142,Karl Klug,DT,DL,TEN,13
2011,5,143,Josh Thomas,DB,DB,DAL,7
2011,5,144,Shiloh Keo,DB,DB,HOU,8
2011,5,145,Jacquizz Rodgers,RB,RB,ATL,24
2011,5,146,DeJon Gomes,DB,DB,WAS,5
2011,5,147,Rod Issac,DB,DB,JAX,0
2011,5,148,Denarius Moore,WR,WR,OAK,15
2011,5,149,Dion Lewis,RB,RB,PHI,31
2011,5,150,Jason Pinkston,T,OL,CLE,10
2011,5,151,Ahmad Black,DB,DB,TAM,3
2011,5,152,T.J. Yates,QB,QB,HOU,6
2011,5,153,Jeremy Kerley,WR,WR,NYJ,23
2011,5,154,Richard Sherman,DB,DB,SEA,97
2011,5,155,Niles Paul,WR,WR,WAS,7
2011,5,156,Mark LeGree,DB,DB,SEA,NA
2011,5,157,Doug Hogue,LB,LB,DET,2
2011,5,158,Jermale Hines,DB,DB,STL,0
2011,5,159,Lee Smith,TE,TE,NWE,5
2011,5,160,Nathan Enderle,QB,QB,CHI,NA
2011,5,161,Julian Vandervelde,G,OL,PHI,1
2011,5,162,Chris Carter,LB,LB,PIT,6
2011,5,163,Daniel Kilgore,G,OL,SFO,26
2011,5,164,Chykie Brown,DB,DB,BAL,5
2011,5,165,Pernell McPhee,DE,DL,BAL,29
2011,6,166,Lawrence Wilson,LB,LB,CAR,NA
2011,6,167,Ryan Whalen,WR,WR,CIN,0
2011,6,168,Demarcus Love,OL,OL,MIN,NA
2011,6,169,Chris White,LB,LB,BUF,3
2011,6,170,Mistral Raymond,DB,DB,MIN,4
2011,6,171,Quan Sturdivant,LB,LB,ARI,NA
2011,6,172,Brandon Fusco,C,OL,MIN,35
2011,6,173,Byron Maxwell,DB,DB,SEA,22
2011,6,174,Charles Clay,TE,TE,MIA,29
2011,6,175,Byron Stingily,T,OL,TEN,4
2011,6,176,Dwayne Harris,WR,WR,DAL,12
2011,6,177,Evan Royster,RB,RB,WAS,4
2011,6,178,Aldrick Robinson,WR,WR,WAS,12
2011,6,179,Caleb Schlauderaff,G,OL,GNB,1
2011,6,180,Tyrod Taylor,QB,QB,BAL,50
2011,6,181,Richard Gordon,TE,TE,OAK,0
2011,6,182,Ronald Johnson,WR,WR,SFO,NA
2011,6,183,Jordan Todman,RB,RB,SDG,5
2011,6,184,David Carter,DT,DL,ARI,4
2011,6,185,Greg Jones,LB,LB,NYG,3
2011,6,186,D.J. Smith,LB,LB,GNB,5
2011,6,187,Allen Bradford,RB,RB,TAM,1
2011,6,188,Chris Rucker,DB,DB,IND,2
2011,6,189,Mike Mohamed,LB,LB,DEN,4
2011,6,190,Colin Jones,DB,DB,SFO,12
2011,6,191,Jason Kelce,C,OL,PHI,102
2011,6,192,Matthew Bosher,K,K,ATL,14
2011,6,193,Brian Rolle,LB,LB,PHI,6
2011,6,194,Markell Carter,LB,LB,NWE,NA
2011,6,195,J.T. Thomas,LB,LB,CHI,12
2011,6,196,Keith Williams,G,OL,PIT,0
2011,6,197,Ricky Elmore,DL,DL,GNB,NA
2011,6,198,Tyler Sash,DB,DB,NYG,1
2011,6,199,Jerrell Powe,DT,DL,KAN,5
2011,6,200,Ross Homan,LB,LB,MIN,NA
2011,6,201,Stephen Schilling,G,OL,SDG,5
2011,6,202,Jacquian Williams,LB,LB,NYG,13
2011,6,203,Zachary Williams,OL,OL,CAR,NA
2011,7,204,Virgil Green,TE,TE,DEN,8
2011,7,205,Pep Levingston,DL,DL,SEA,0
2011,7,206,Justin Rogers,DB,DB,BUF,4
2011,7,207,Korey Lindsey,DB,DB,CIN,NA
2011,7,208,Greg McElroy,QB,QB,NYJ,1
2011,7,209,Johnny Culbreath,OL,OL,DET,NA
2011,7,210,Andrew Jackson,OL,OL,ATL,NA
2011,7,211,Bruce Miller,DE,DL,SFO,7
2011,7,212,Zach Clayton,DT,DL,TEN,0
2011,7,213,Brandyn Thompson,DB,DB,WAS,1
2011,7,214,Derek Newton,T,OL,HOU,28
2011,7,215,D'Aundre Reed,DE,DL,MIN,0
2011,7,216,Mikail Baker,DB,DB,STL,NA
2011,7,217,Maurice Hurt,G,OL,WAS,6
2011,7,218,Ryan Taylor,TE,TE,GNB,0
2011,7,219,Malcolm Williams,DB,DB,NWE,0
2011,7,220,Shaun Chapas,RB,RB,DAL,0
2011,7,221,Da'Rel Scott,RB,RB,NYG,1
2011,7,222,Anthony Gaitor,DB,DB,TAM,1
2011,7,223,Shane Bannon,RB,RB,KAN,NA
2011,7,224,Markus White,DE,DL,WAS,0
2011,7,225,Anthony Allen,RB,RB,BAL,1
2011,7,226,Greg Romeus,DL,DL,NOR,NA
2011,7,227,Scotty McKnight,WR,WR,NYJ,NA
2011,7,228,Jabara Williams,LB,LB,STL,0
2011,7,229,Jonathan Nelson,DB,DB,STL,1
2011,7,230,Cliff Matthews,DE,DL,ATL,3
2011,7,231,Frank Kearse,DT,DL,MIA,5
2011,7,232,Baron Batch,RB,RB,PIT,1
2011,7,233,Lawrence Guy,DT,DL,GNB,63
2011,7,234,Andrew Gachkar,LB,LB,SDG,9
2011,7,235,Jimmy Wilson,DB,DB,MIA,12
2011,7,236,Stephen Burton,WR,WR,MIN,0
2011,7,237,Greg Lloyd,LB,LB,PHI,0
2011,7,238,Daniel Hardy,TE,TE,TAM,NA
2011,7,239,Michael Person,G,OL,SFO,23
2011,7,240,Stanley Havili,RB,RB,PHI,1
2011,7,241,David Ausberry,WR,WR,OAK,1
2011,7,242,Malcolm Smith,LB,LB,SEA,32
2011,7,243,Nate Bussey,LB,LB,NOR,0
2011,7,244,Lee Ziemba,T,OL,CAR,1
2011,7,245,Michael Jasper,DT,DL,BUF,NA
2011,7,246,Jay Finley,RB,RB,CIN,NA
2011,7,247,Jeremy Beal,DL,DL,DEN,NA
2011,7,248,Eric Hagg,DB,DB,CLE,3
2011,7,249,DeMarco Sampson,WR,WR,ARI,0
2011,7,250,Curtis Holcomb,DB,DB,SFO,NA
2011,7,251,Tommie Campbell,DB,DB,TEN,4
2011,7,252,Bill Nagy,G,OL,DAL,2
2011,7,253,Chris Neild,DT,DL,WAS,2
2011,7,254,Cheta Ozougwu,DE,DL,HOU,0
2012,1,1,Andrew Luck,QB,QB,IND,72
2012,1,2,Robert Griffin III,QB,QB,WAS,36
2012,1,3,Trent Richardson,RB,RB,CLE,17
2012,1,4,Matt Kalil,T,OL,MIN,34
2012,1,5,Justin Blackmon,WR,WR,JAX,9
2012,1,6,Morris Claiborne,DB,DB,DAL,25
2012,1,7,Mark Barron,DB,DB,TAM,58
2012,1,8,Ryan Tannehill,QB,QB,MIA,91
2012,1,9,Luke Kuechly,LB,LB,CAR,91
2012,1,10,Stephon Gilmore,DB,DB,BUF,75
2012,1,11,Dontari Poe,DT,DL,KAN,55
2012,1,12,Fletcher Cox,DT,DL,PHI,95
2012,1,13,Michael Floyd,WR,WR,ARI,28
2012,1,14,Michael Brockers,DT,DL,STL,58
2012,1,15,Bruce Irvin,DE,DL,SEA,42
2012,1,16,Quinton Coples,DE,DL,NYJ,17
2012,1,17,Dre Kirkpatrick,DB,DB,CIN,31
2012,1,18,Melvin Ingram,DE,DL,SDG,57
2012,1,19,Shea McClellin,DE,DL,CHI,17
2012,1,20,Kendall Wright,WR,WR,TEN,28
2012,1,21,Chandler Jones,DE,DL,NWE,77
2012,1,22,Brandon Weeden,QB,QB,CLE,13
2012,1,23,Riley Reiff,T,OL,DET,60
2012,1,24,David DeCastro,G,OL,PIT,69
2012,1,25,Dont'a Hightower,LB,LB,NWE,65
2012,1,26,Whitney Mercilus,DE,DL,HOU,49
2012,1,27,Kevin Zeitler,G,OL,CIN,67
2012,1,28,Nick Perry,DE,DL,GNB,22
2012,1,29,Harrison Smith,DB,DB,MIN,72
2012,1,30,A.J. Jenkins,WR,WR,SFO,2
2012,1,31,Doug Martin,RB,RB,TAM,39
2012,1,32,David Wilson,RB,RB,NYG,5
2012,2,33,Brian Quick,WR,WR,STL,11
2012,2,34,Coby Fleener,TE,TE,IND,25
2012,2,35,Courtney Upshaw,LB,LB,BAL,27
2012,2,36,Derek Wolfe,DT,DL,DEN,48
2012,2,37,Mitchell Schwartz,T,OL,CLE,75
2012,2,38,Andre Branch,LB,LB,JAX,22
2012,2,39,Jackrabbit Jenkins,DB,DB,STL,52
2012,2,40,Amini Silatolu,G,OL,CAR,18
2012,2,41,Cordy Glenn,G,OL,BUF,38
2012,2,42,Jonathan Martin,T,OL,MIA,14
2012,2,43,Stephen Hill,WR,WR,NYJ,4
2012,2,44,Jeff Allen,T,OL,KAN,27
2012,2,45,Alshon Jeffery,WR,WR,CHI,48
2012,2,46,Mychal Kendricks,LB,LB,PHI,38
2012,2,47,Bobby Wagner,LB,LB,SEA,129
2012,2,48,Tavon Wilson,DB,DB,NWE,19
2012,2,49,Kendall Reyes,DT,DL,SDG,22
2012,2,50,Isaiah Pead,RB,RB,STL,1
2012,2,51,Jerel Worthy,DT,DL,GNB,4
2012,2,52,Zach Brown,LB,LB,TEN,41
2012,2,53,Devon Still,DT,DL,CIN,3
2012,2,54,Ryan Broyles,WR,WR,DET,3
2012,2,55,Peter Konz,C,OL,ATL,16
2012,2,56,Mike Adams,T,OL,PIT,11
2012,2,57,Brock Osweiler,QB,QB,DEN,14
2012,2,58,Lavonte David,LB,LB,TAM,93
2012,2,59,Vinny Curry,DE,DL,PHI,22
2012,2,60,Kelechi Osemele,T,OL,BAL,47
2012,2,61,LaMichael James,RB,RB,SFO,2
2012,2,62,Casey Hayward,DB,DB,GNB,50
2012,2,63,Rueben Randle,WR,WR,NYG,21
2012,3,64,Dwayne Allen,TE,TE,IND,12
2012,3,65,Trumaine Johnson,DB,DB,STL,30
2012,3,66,Josh Robinson,DB,DB,MIN,10
2012,3,67,Ronnie Hillman,RB,RB,DEN,17
2012,3,68,DeVier Posey,WR,WR,HOU,2
2012,3,69,T.J. Graham,WR,WR,BUF,7
2012,3,70,Bryan Anger,P,P,JAX,25
2012,3,71,Josh LeRibeus,G,OL,WAS,11
2012,3,72,Olivier Vernon,LB,LB,MIA,50
2012,3,73,Brandon Taylor,DB,DB,SDG,1
2012,3,74,Donald Stephenson,T,OL,KAN,18
2012,3,75,Russell Wilson,QB,QB,SEA,140
2012,3,76,Brandon Brooks,G,OL,HOU,50
2012,3,77,Demario Davis,LB,LB,NYJ,104
2012,3,78,Michael Egnew,TE,TE,MIA,0
2012,3,79,Brandon Hardin,DB,DB,CHI,NA
2012,3,80,Jamell Fleming,DB,DB,ARI,5
2012,3,81,Tyrone Crawford,DE,DL,DAL,34
2012,3,82,Mike Martin,DT,DL,TEN,6
2012,3,83,Mohamed Sanu,WR,WR,CIN,41
2012,3,84,Bernard Pierce,RB,RB,BAL,10
2012,3,85,Bill Bentley,DB,DB,DET,3
2012,3,86,Sean Spence,LB,LB,PIT,13
2012,3,87,John Hughes,DT,DL,CLE,10
2012,3,88,Nick Foles,QB,QB,PHI,32
2012,3,89,Akiem Hicks,DE,DL,NOR,54
2012,3,90,Jake Bequette,DE,DL,NWE,0
2012,3,91,Lamar Holmes,T,OL,ATL,10
2012,3,92,T.Y. Hilton,WR,WR,IND,72
2012,3,93,Brandon Thompson,DT,DL,CIN,7
2012,3,94,Jayron Hosley,DB,DB,NYG,8
2012,3,95,Tony Bergstrom,T,OL,OAK,12
2012,4,96,Chris Givens,WR,WR,STL,12
2012,4,97,Lamar Miller,RB,RB,MIA,42
2012,4,98,Gino Gradkowski,G,OL,BAL,11
2012,4,99,Ben Jones,C,OL,HOU,58
2012,4,100,Travis Benjamin,WR,WR,CLE,25
2012,4,101,Omar Bolden,DB,DB,DEN,5
2012,4,102,Kirk Cousins,QB,QB,WAS,102
2012,4,103,Frank Alexander,DE,DL,CAR,6
2012,4,104,Joe Adams,WR,WR,CAR,0
2012,4,105,Nigel Bradham,LB,LB,BUF,44
2012,4,106,Robert Turbin,RB,RB,SEA,16
2012,4,107,Devon Wylie,WR,WR,KAN,0
2012,4,108,Philip Blake,OL,OL,DEN,NA
2012,4,109,Alameda Ta'amu,DT,DL,PIT,3
2012,4,110,Ladarius Green,TE,TE,SDG,11
2012,4,111,Evan Rodriguez,TE,TE,CHI,0
2012,4,112,Bobby Massie,T,OL,ARI,45
2012,4,113,Kyle Wilber,LB,LB,DAL,13
2012,4,114,Jaye Howard,DT,DL,SEA,17
2012,4,115,Coty Sensabaugh,DB,DB,TEN,19
2012,4,116,Orson Charles,TE,TE,CIN,2
2012,4,117,Joe Looney,G,OL,SFO,21
2012,4,118,Jarius Wright,WR,WR,MIN,24
2012,4,119,Keenan Robinson,LB,LB,WAS,17
2012,4,120,James-Michael Johnson,LB,LB,CLE,11
2012,4,121,Keshawn Martin,WR,WR,HOU,7
2012,4,122,Nick Toon,WR,WR,NOR,3
2012,4,123,Brandon Boykin,DB,DB,PHI,9
2012,4,124,Ron Brooks,DB,DB,BUF,6
2012,4,125,Ronnell Lewis,LB,LB,DET,1
2012,4,126,Jared Crick,DE,DL,HOU,28
2012,4,127,Adrien Robinson,TE,TE,NYG,0
2012,4,128,Rhett Ellison,RB,RB,MIN,9
2012,4,129,Miles Burris,LB,LB,OAK,14
2012,4,130,Christian Thompson,DB,DB,BAL,0
2012,4,131,Brandon Mosley,T,OL,NYG,2
2012,4,132,Mike Daniels,DT,DL,GNB,41
2012,4,133,Jerron McMillian,DB,DB,GNB,2
2012,4,134,Greg Childs,WR,WR,MIN,NA
2012,4,135,Matt Johnson,DB,DB,DAL,NA
2012,5,136,Josh Chapman,NT,DL,IND,7
2012,5,137,Malik Jackson,DT,DL,DEN,45
2012,5,138,Tahir Whitehead,LB,LB,DET,41
2012,5,139,Robert Blanton,DB,DB,MIN,9
2012,5,140,Najee Goode,LB,LB,TAM,10
2012,5,141,Adam Gettis,G,OL,WAS,1
2012,5,142,Brandon Marshall,LB,LB,JAX,30
2012,5,143,Josh Norman,DB,DB,CAR,43
2012,5,144,Zebrie Sanders,OL,OL,BUF,NA
2012,5,145,Taylor Thompson,TE,TE,TEN,0
2012,5,146,DeQuan Menzie,DB,DB,KAN,NA
2012,5,147,Tank Carder,LB,LB,BUF,5
2012,5,148,Chris Greenwood,DB,DB,DET,0
2012,5,149,Johnnie Troutman,G,OL,SDG,14
2012,5,150,Rokevious Watkins,G,OL,STL,1
2012,5,151,Senio Kelemete,G,OL,ARI,25
2012,5,152,Danny Coale,WR,WR,DAL,NA
2012,5,153,Dennis Kelly,T,OL,PHI,29
2012,5,154,Korey Toomer,LB,LB,SEA,11
2012,5,155,Josh Kaddu,LB,LB,MIA,0
2012,5,156,Shaun Prater,DB,DB,CIN,2
2012,5,157,Bradie Ewing,RB,RB,ATL,0
2012,5,158,Jack Crawford,DE,DL,OAK,18
2012,5,159,Chris Rainey,RB,RB,PIT,1
2012,5,160,Ryan Miller,G,OL,CLE,1
2012,5,161,Randy Bullock,K,K,HOU,20
2012,5,162,Corey White,DB,DB,NOR,12
2012,5,163,Terrell Manning,LB,LB,GNB,0
2012,5,164,Jonathan Massaquoi,DE,DL,ATL,6
2012,5,165,Darius Fleming,LB,LB,SFO,1
2012,5,166,Marvin Jones,WR,WR,CIN,53
2012,5,167,George Iloka,DB,DB,CIN,29
2012,5,168,Juron Criner,WR,WR,OAK,1
2012,5,169,Asa Jackson,DB,DB,BAL,3
2012,5,170,Vick Ballard,RB,RB,IND,5
2012,6,171,Greg Zuerlein,K,K,STL,29
2012,6,172,Jeremy Lane,DB,DB,SEA,10
2012,6,173,Alfred Morris,RB,RB,WAS,36
2012,6,174,Keith Tandy,DB,DB,TAM,8
2012,6,175,Blair Walsh,K,K,MIN,14
2012,6,176,Mike Harris,DB,DB,JAX,6
2012,6,177,Justin Bethel,DB,DB,ARI,20
2012,6,178,Mark Asper,G,OL,BUF,0
2012,6,179,Andrew Tiller,G,OL,NOR,6
2012,6,180,Trent Robinson,DB,DB,SFO,6
2012,6,181,Winston Guy,DB,DB,SEA,3
2012,6,182,Cyrus Gray,RB,RB,KAN,1
2012,6,183,B.J. Cunningham,WR,WR,MIA,0
2012,6,184,Isaiah Frey,DB,DB,CHI,3
2012,6,185,Ryan Lindley,QB,QB,ARI,-4
2012,6,186,James Hanna,TE,TE,DAL,3
2012,6,187,Josh Bush,DB,DB,NYJ,3
2012,6,188,Danny Trevathan,LB,LB,DEN,47
2012,6,189,Christo Bilukidi,DE,DL,OAK,1
2012,6,190,Markelle Martin,DB,DB,TEN,NA
2012,6,191,Dan Herron,RB,RB,CIN,5
2012,6,192,Charles Mitchell,DB,DB,ATL,1
2012,6,193,Tom Compton,T,OL,WAS,22
2012,6,194,Marvin McNutt,WR,WR,PHI,0
2012,6,195,Nick Mondek,OL,OL,HOU,NA
2012,6,196,Jonte Green,DB,DB,DET,4
2012,6,197,Nate Ebner,DB,DB,NWE,11
2012,6,198,Tommy Streeter,WR,WR,BAL,0
2012,6,199,Jason Slowey,OL,OL,SFO,NA
2012,6,200,Brandon Washington,G,OL,PHI,0
2012,6,201,Matt McCants,T,OL,NYG,3
2012,6,202,Terrance Ganaway,RB,RB,NYJ,0
2012,6,203,Robert Griffin,OL,OL,NYJ,NA
2012,6,204,Emmanuel Acho,LB,LB,CLE,2
2012,6,205,Billy Winn,DT,DL,CLE,15
2012,6,206,LaVon Brazill,WR,WR,IND,3
2012,6,207,Brad Nortman,P,P,CAR,11
2012,7,208,Justin Anderson,OL,OL,IND,NA
2012,7,209,Aaron Brown,LB,LB,STL,NA
2012,7,210,Audie Cole,LB,LB,MIN,7
2012,7,211,Scott Solomon,DE,DL,TEN,2
2012,7,212,Michael Smith,RB,RB,TAM,0
2012,7,213,Richard Crawford,DB,DB,WAS,1
2012,7,214,Tim Fugger,DE,DL,IND,NA
2012,7,215,Kheeston Randall,DT,DL,MIA,1
2012,7,216,D.J. Campbell,DB,DB,CAR,2
2012,7,217,Jordan Bernstine,DB,DB,WAS,0
2012,7,218,Jerome Long,DT,DL,KAN,0
2012,7,219,Trevor Guyton,DE,DL,MIN,NA
2012,7,220,Greg McCoy,DB,DB,CHI,NA
2012,7,221,Nate Potter,T,OL,ARI,3
2012,7,222,Caleb McSurdy,LB,LB,DAL,NA
2012,7,223,Travis Lewis,LB,LB,DET,4
2012,7,224,Alfonzo Dennard,DB,DB,NWE,9
2012,7,225,J.R. Sweezy,DT,DL,SEA,47
2012,7,226,David Molk,C,OL,SDG,3
2012,7,227,Rishard Matthews,WR,WR,MIA,22
2012,7,228,Jeris Pendleton,DT,DL,JAX,0
2012,7,229,Bryce Brown,RB,RB,PHI,9
2012,7,230,Nathan Stupar,LB,LB,OAK,9
2012,7,231,Toney Clemons,WR,WR,PIT,0
2012,7,232,Greg Scruggs,DE,DL,SEA,1
2012,7,233,Drake Dunsmore,TE,TE,TAM,NA
2012,7,234,Marcel Jones,OL,OL,NOR,NA
2012,7,235,Jeremy Ebert,WR,WR,NWE,0
2012,7,236,DeAngelo Tyson,DT,DL,BAL,6
2012,7,237,Cam Johnson,DE,DL,SFO,5
2012,7,238,Junior Hemingway,WR,WR,KAN,2
2012,7,239,Markus Kuhn,DT,DL,NYG,6
2012,7,240,David Paulson,TE,TE,PIT,1
2012,7,241,Andrew Datko,OL,OL,GNB,NA
2012,7,242,Antonio Allen,DB,DB,NYJ,9
2012,7,243,B.J. Coleman,QB,QB,GNB,NA
2012,7,244,Jordan White,WR,WR,NYJ,0
2012,7,245,Trevin Wade,DB,DB,CLE,5
2012,7,246,Terrence Frederick,DB,DB,PIT,1
2012,7,247,Brad Smelley,TE,TE,CLE,0
2012,7,248,Kelvin Beachum,T,OL,PIT,59
2012,7,249,Travian Robertson,DT,DL,ATL,1
2012,7,250,Edwin Baker,RB,RB,SDG,1
2012,7,251,John Potter,K,K,BUF,0
2012,7,252,Daryl Richardson,RB,RB,STL,7
2012,7,253,Chandler Harnish,QB,QB,IND,NA
2013,1,1,Eric Fisher,T,OL,KAN,62
2013,1,2,Luke Joeckel,T,OL,JAX,21
2013,1,3,Dion Jordan,DE,DL,MIA,9
2013,1,4,Lane Johnson,T,OL,PHI,89
2013,1,5,Ezekiel Ansah,DE,DL,DET,39
2013,1,6,Barkevious Mingo,LB,LB,CLE,24
2013,1,7,Jonathan Cooper,G,OL,ARI,16
2013,1,8,Tavon Austin,WR,WR,STL,26
2013,1,9,Dee Milliner,DB,DB,NYJ,6
2013,1,10,Chance Warmack,G,OL,TEN,22
2013,1,11,D.J. Fluker,T,OL,SDG,43
2013,1,12,D.J. Hayden,DB,DB,OAK,16
2013,1,13,Sheldon Richardson,DT,DL,NYJ,61
2013,1,14,Star Lotulelei,DT,DL,CAR,48
2013,1,15,Kenny Vaccaro,DB,DB,NOR,34
2013,1,16,EJ Manuel,QB,QB,BUF,10
2013,1,17,Jarvis Jones,LB,LB,PIT,17
2013,1,18,Eric Reid,DB,DB,SFO,33
2013,1,19,Justin Pugh,T,OL,NYG,46
2013,1,20,Kyle Long,G,OL,CHI,40
2013,1,21,Tyler Eifert,TE,TE,CIN,19
2013,1,22,Desmond Trufant,DB,DB,ATL,37
2013,1,23,Sharrif Floyd,DT,DL,MIN,13
2013,1,24,Bjoern Werner,DE,DL,IND,10
2013,1,25,Xavier Rhodes,DB,DB,MIN,49
2013,1,26,Datone Jones,DE,DL,GNB,10
2013,1,27,DeAndre Hopkins,WR,WR,HOU,84
2013,1,28,Sylvester Williams,DT,DL,DEN,29
2013,1,29,Cordarrelle Patterson,WR,WR,MIN,42
2013,1,30,Alec Ogletree,LB,LB,STL,52
2013,1,31,Travis Frederick,C,OL,DAL,60
2013,1,32,Matt Elam,DB,DB,BAL,12
2013,2,33,Johnathan Cyprien,DB,DB,JAX,25
2013,2,34,Justin Hunter,WR,WR,TEN,9
2013,2,35,Zach Ertz,TE,TE,PHI,57
2013,2,36,Darius Slay,DB,DB,DET,66
2013,2,37,Giovani Bernard,RB,RB,CIN,42
2013,2,38,Manti Te'o,LB,LB,SDG,20
2013,2,39,Geno Smith,QB,QB,NYJ,57
2013,2,40,Tank Carradine,DE,DL,SFO,7
2013,2,41,Robert Woods,WR,WR,BUF,59
2013,2,42,Menelik Watson,T,OL,OAK,9
2013,2,43,Johnthan Banks,DB,DB,TAM,11
2013,2,44,Kawann Short,DT,DL,CAR,41
2013,2,45,Kevin Minter,LB,LB,ARI,27
2013,2,46,Kiko Alonso,LB,LB,BUF,33
2013,2,47,Gavin Escobar,TE,TE,DAL,2
2013,2,48,Le'Veon Bell,RB,RB,PIT,61
2013,2,49,Johnathan Hankins,DT,DL,NYG,50
2013,2,50,Jonathan Bostic,LB,LB,CHI,36
2013,2,51,David Amerson,DB,DB,WAS,20
2013,2,52,Jamie Collins,LB,LB,NWE,58
2013,2,53,Margus Hunt,DE,DL,CIN,18
2013,2,54,Jamar Taylor,DB,DB,MIA,18
2013,2,55,Vance McDonald,TE,TE,SFO,14
2013,2,56,Arthur Brown,LB,LB,BAL,3
2013,2,57,D.J. Swearinger,DB,DB,HOU,28
2013,2,58,Montee Ball,RB,RB,DEN,7
2013,2,59,Aaron Dobson,WR,WR,NWE,6
2013,2,60,Robert Alford,DB,DB,ATL,26
2013,2,61,Eddie Lacy,RB,RB,GNB,36
2013,2,62,Christine Michael,RB,RB,SEA,9
2013,3,63,Travis Kelce,TE,TE,KAN,94
2013,3,64,Dwayne Gratz,DB,DB,JAX,10
2013,3,65,Larry Warford,G,OL,DET,52
2013,3,66,Sio Moore,LB,LB,OAK,14
2013,3,67,Bennie Logan,DT,DL,PHI,28
2013,3,68,Leon McFadden,DB,DB,CLE,2
2013,3,69,Tyrann Mathieu,DB,DB,ARI,67
2013,3,70,Blidi Wreh-Wilson,DB,DB,TEN,9
2013,3,71,T.J. McDonald,DB,DB,STL,24
2013,3,72,Brian Winters,G,OL,NYJ,31
2013,3,73,Mike Glennon,QB,QB,TAM,9
2013,3,74,Terrance Williams,WR,WR,DAL,27
2013,3,75,Terron Armstead,T,OL,NOR,67
2013,3,76,Keenan Allen,WR,WR,SDG,80
2013,3,77,Dallas Thomas,T,OL,MIA,13
2013,3,78,Marquise Goodwin,WR,WR,BUF,24
2013,3,79,Markus Wheaton,WR,WR,PIT,13
2013,3,80,J.J. Wilcox,DB,DB,DAL,16
2013,3,81,Damontre Moore,DE,DL,NYG,5
2013,3,82,John Jenkins,DT,DL,NOR,32
2013,3,83,Logan Ryan,DB,DB,NWE,41
2013,3,84,Shawn Williams,DB,DB,CIN,25
2013,3,85,Jordan Reed,TE,TE,WAS,25
2013,3,86,Hugh Thornton,G,OL,IND,16
2013,3,87,Jordan Hill,DT,DL,SEA,6
2013,3,88,Corey Lemonier,DE,DL,SFO,4
2013,3,89,Brennan Williams,OL,OL,HOU,NA
2013,3,90,Kayvon Webster,DB,DB,DEN,9
2013,3,91,Duron Harmon,DB,DB,NWE,30
2013,3,92,Stedman Bailey,WR,WR,STL,7
2013,3,93,Will Davis,DB,DB,MIA,0
2013,3,94,Brandon Williams,DT,DL,BAL,52
2013,3,95,Sam Montgomery,DE,DL,HOU,NA
2013,3,96,Knile Davis,RB,RB,KAN,10
2013,3,97,Zaviar Gooden,LB,LB,TEN,4
2013,4,98,Matt Barkley,QB,QB,PHI,5
2013,4,99,Nico Johnson,LB,LB,KAN,3
2013,4,100,Akeem Spence,DT,DL,TAM,27
2013,4,101,Ace Sanders,WR,WR,JAX,3
2013,4,102,Josh Boyce,WR,WR,NWE,1
2013,4,103,Alex Okafor,DE,DL,ARI,29
2013,4,104,Jelani Jenkins,LB,LB,MIA,15
2013,4,105,Duke Williams,DB,DB,BUF,8
2013,4,106,Dion Sims,TE,TE,MIA,8
2013,4,107,Brian Schwenke,C,OL,TEN,14
2013,4,108,Edmund Kugbila,OL,OL,CAR,NA
2013,4,109,David Bakhtiari,T,OL,GNB,84
2013,4,110,Ryan Nassib,QB,QB,NYG,0
2013,4,111,Shamarko Thomas,DB,DB,PIT,5
2013,4,112,Tyler Wilson,QB,QB,OAK,NA
2013,4,113,Barrett Jones,G,OL,STL,0
2013,4,114,B.W. Webb,DB,DB,DAL,14
2013,4,115,Landry Jones,QB,QB,PIT,4
2013,4,116,Earl Watford,G,OL,ARI,15
2013,4,117,Khaseem Greene,LB,LB,CHI,3
2013,4,118,Sean Porter,LB,LB,CIN,0
2013,4,119,Phillip Thomas,DB,DB,WAS,2
2013,4,120,Gerald Hodges,LB,LB,MIN,18
2013,4,121,Khaled Holmes,C,OL,IND,4
2013,4,122,J.C. Tretter,T,OL,GNB,37
2013,4,123,Chris Harper,WR,WR,SEA,0
2013,4,124,Trevardo Williams,DE,DL,HOU,0
2013,4,125,Johnathan Franklin,RB,RB,GNB,1
2013,4,126,William Gholston,DE,DL,TAM,39
2013,4,127,Malliciah Goodman,DE,DL,ATL,5
2013,4,128,Quinton Patton,WR,WR,SFO,6
2013,4,129,John Simon,DE,DL,BAL,34
2013,4,130,Kyle Juszczyk,RB,RB,BAL,21
2013,4,131,Marcus Lattimore,RB,RB,SFO,NA
2013,4,132,Devin Taylor,DE,DL,DET,12
2013,4,133,Levine Toilolo,TE,TE,ATL,8
2013,5,134,Sanders Commings,DB,DB,KAN,0
2013,5,135,Denard Robinson,WR,WR,JAX,8
2013,5,136,Earl Wolff,DB,DB,PHI,4
2013,5,137,Jesse Williams,DT,DL,SEA,NA
2013,5,138,Tharold Simon,DB,DB,SEA,4
2013,5,139,Montori Hughes,DT,DL,IND,2
2013,5,140,Stepfan Taylor,RB,RB,ARI,3
2013,5,141,Oday Aboushi,T,OL,NYJ,21
2013,5,142,Lavar Edwards,DE,DL,TEN,1
2013,5,143,Jonathan Meeks,DB,DB,BUF,2
2013,5,144,Kenny Stills,WR,WR,NOR,35
2013,5,145,Steve Williams,DB,DB,SDG,4
2013,5,146,Quanterus Smith,DE,DL,DEN,1
2013,5,147,Steven Means,DE,DL,TAM,14
2013,5,148,A.J. Klein,LB,LB,CAR,37
2013,5,149,Brandon McGee,DB,DB,STL,1
2013,5,150,Terry Hawthorne,DB,DB,PIT,NA
2013,5,151,Joseph Randle,RB,RB,DAL,7
2013,5,152,Cooper Taylor,DB,DB,NYG,1
2013,5,153,Stansly Maponga,DE,DL,ATL,2
2013,5,154,Chris Thompson,RB,RB,WAS,20
2013,5,155,Jeff Locke,P,P,MIN,6
2013,5,156,Tanner Hawkinson,T,OL,CIN,0
2013,5,157,Quinton Dial,DE,DL,SFO,15
2013,5,158,Luke Willson,TE,TE,SEA,12
2013,5,159,Micah Hyde,DB,DB,GNB,55
2013,5,160,Zac Stacy,RB,RB,STL,11
2013,5,161,Tavarres King,WR,WR,DEN,2
2013,5,162,Brandon Jenkins,DE,DL,WAS,0
2013,5,163,Jordan Mills,T,OL,CHI,37
2013,5,164,Mike Gillislee,RB,RB,MIA,11
2013,5,165,Sam Martin,P,P,DET,22
2013,5,166,Caleb Sturgis,K,K,MIA,8
2013,5,167,Josh Boyd,DE,DL,GNB,4
2013,5,168,Ricky Wagner,T,OL,BAL,41
2013,6,169,Josh Evans,DB,DB,JAX,13
2013,6,170,Eric Kush,C,OL,KAN,10
2013,6,171,Corey Fuller,WR,WR,DET,3
2013,6,172,Nick Kasa,TE,TE,OAK,0
2013,6,173,Vinston Painter,G,OL,DEN,0
2013,6,174,Ryan Swope,WR,WR,ARI,NA
2013,6,175,Jamoris Slaughter,DB,DB,CLE,NA
2013,6,176,David Quessenberry,OL,OL,HOU,20
2013,6,177,Dustin Hopkins,K,K,BUF,22
2013,6,178,William Campbell,OL,OL,NYJ,NA
2013,6,179,Tourek Williams,DE,DL,SDG,5
2013,6,180,Nick Moody,LB,LB,SFO,2
2013,6,181,Latavius Murray,RB,RB,OAK,44
2013,6,182,Kenjon Barner,RB,RB,CAR,4
2013,6,183,Rufus Johnson,DE,DL,NOR,0
2013,6,184,Mychal Rivera,TE,TE,OAK,10
2013,6,185,DeVonte Holloman,LB,LB,DAL,1
2013,6,186,Justin Brown,WR,WR,PIT,1
2013,6,187,Andre Ellington,RB,RB,ARI,18
2013,6,188,Cornelius Washington,LB,LB,CHI,5
2013,6,189,Mike James,RB,RB,TAM,2
2013,6,190,Rex Burkhead,RB,RB,CIN,21
2013,6,191,Bacarri Rambo,DB,DB,WAS,8
2013,6,192,John Boyett,DB,DB,IND,NA
2013,6,193,Nate Palmer,LB,LB,GNB,9
2013,6,194,Spencer Ware,RB,RB,SEA,17
2013,6,195,Alan Bonner,WR,WR,HOU,NA
2013,6,196,Jeff Baca,G,OL,MIN,0
2013,6,197,Cobi Hamilton,WR,WR,CIN,2
2013,6,198,Chris Jones,DT,DL,HOU,14
2013,6,199,Theo Riddick,RB,RB,DET,24
2013,6,200,Kapron Lewis-Moore,DE,DL,BAL,0
2013,6,201,Ryan Griffin,TE,TE,HOU,14
2013,6,202,Khalid Wooten,DB,DB,TEN,0
2013,6,203,Ryan Jensen,T,OL,BAL,43
2013,6,204,Braden Wilson,FB,RB,KAN,NA
2013,6,205,Stacy McGee,DT,DL,OAK,16
2013,6,206,Vince Williams,LB,LB,PIT,35
2013,7,207,Mike Catapano,DE,DL,KAN,3
2013,7,208,Jeremy Harris,DB,DB,JAX,0
2013,7,209,Brice Butler,WR,WR,OAK,9
2013,7,210,Demetrius McCray,DB,DB,JAX,8
2013,7,211,Michael Williams,TE,TE,DET,0
2013,7,212,Joe Kruger,DE,DL,PHI,NA
2013,7,213,Michael Mauti,LB,LB,MIN,6
2013,7,214,Travis Bond,G,OL,MIN,0
2013,7,215,Tommy Bohanon,RB,RB,NYJ,1
2013,7,216,Charles Johnson,WR,WR,GNB,7
2013,7,217,Armonty Bryant,DE,DL,CLE,5
2013,7,218,Jordan Poyer,DB,DB,PHI,58
2013,7,219,D.C. Jefferson,TE,TE,ARI,0
2013,7,220,Ryan Seymour,G,OL,SEA,2
2013,7,221,Brad Sorensen,QB,QB,SDG,NA
2013,7,222,Chris Gragg,TE,TE,BUF,1
2013,7,223,Nick Williams,DT,DL,PIT,22
2013,7,224,Kevin Dorsey,WR,WR,GNB,0
2013,7,225,Eric Herman,OL,OL,NYG,NA
2013,7,226,Michael Buchanan,DE,DL,NWE,2
2013,7,227,Garrett Gilkey,T,OL,CLE,2
2013,7,228,Jawan Jamison,RB,RB,WAS,NA
2013,7,229,Everett Dawkins,DT,DL,MIN,0
2013,7,230,Kerwynn Williams,RB,RB,IND,6
2013,7,231,Ty Powell,DE,DL,SEA,1
2013,7,232,Sam Barrington,LB,LB,GNB,4
2013,7,233,David Bass,DE,DL,OAK,9
2013,7,234,Zac Dysert,QB,QB,DEN,NA
2013,7,235,Steve Beauharnais,LB,LB,NWE,0
2013,7,236,Marquess Wilson,WR,WR,CHI,6
2013,7,237,B.J. Daniels,QB,QB,SFO,0
2013,7,238,Aaron Mellette,WR,WR,BAL,NA
2013,7,239,David King,DE,DL,PHI,1
2013,7,240,Reid Fragel,OL,OL,CIN,0
2013,7,241,Jared Smith,DT,DL,SEA,NA
2013,7,242,Michael Bowie,T,OL,SEA,4
2013,7,243,Kemal Ishmael,DB,DB,ATL,13
2013,7,244,Zeke Motta,DB,DB,ATL,1
2013,7,245,Brandon Hepburn,LB,LB,DET,NA
2013,7,246,Carter Bykowski,OL,OL,SFO,NA
2013,7,247,Marc Anthony,DB,DB,BAL,NA
2013,7,248,Daimion Stafford,DB,DB,TEN,7
2013,7,249,Sean Renfree,QB,QB,ATL,0
2013,7,250,Don Jones,DB,DB,MIA,2
2013,7,251,T.J. Johnson,C,OL,CIN,5
2013,7,252,Marcus Cooper,DB,DB,SFO,14
2013,7,253,Michael Cox,RB,RB,NYG,0
2013,7,254,Justice Cunningham,TE,TE,IND,0
2014,1,1,Jadeveon Clowney,DE,DL,HOU,63
2014,1,2,Greg Robinson,T,OL,STL,24
2014,1,3,Blake Bortles,QB,QB,JAX,44
2014,1,4,Sammy Watkins,WR,WR,BUF,43
2014,1,5,Khalil Mack,LB,LB,OAK,105
2014,1,6,Jake Matthews,T,OL,ATL,75
2014,1,7,Mike Evans,WR,WR,TAM,80
2014,1,8,Justin Gilbert,DB,DB,CLE,4
2014,1,9,Anthony Barr,LB,LB,MIN,56
2014,1,10,Eric Ebron,TE,TE,DET,29
2014,1,11,Taylor Lewan,T,OL,TEN,48
2014,1,12,Odell Beckham Jr.,WR,WR,NYG,59
2014,1,13,Aaron Donald,DT,DL,STL,123
2014,1,14,Kyle Fuller,DB,DB,CHI,48
2014,1,15,Ryan Shazier,LB,LB,PIT,27
2014,1,16,Zack Martin,G,OL,DAL,103
2014,1,17,C.J. Mosley,LB,LB,BAL,81
2014,1,18,Calvin Pryor,DB,DB,NYJ,13
2014,1,19,Ja'Wuan James,T,OL,MIA,27
2014,1,20,Brandin Cooks,WR,WR,NOR,73
2014,1,21,Ha Ha Clinton-Dix,DB,DB,GNB,34
2014,1,22,Johnny Manziel,QB,QB,CLE,4
2014,1,23,Dee Ford,LB,LB,KAN,23
2014,1,24,Darqueze Dennard,DB,DB,CIN,13
2014,1,25,Jason Verrett,DB,DB,SDG,17
2014,1,26,Marcus Smith,LB,LB,PHI,4
2014,1,27,Deone Bucannon,DB,DB,ARI,32
2014,1,28,Kelvin Benjamin,WR,WR,CAR,22
2014,1,29,Dominique Easley,DT,DL,NWE,7
2014,1,30,Jimmie Ward,DB,DB,SFO,31
2014,1,31,Bradley Roby,DB,DB,DEN,26
2014,1,32,Teddy Bridgewater,QB,QB,MIN,49
2014,2,33,Xavier Su'a-Filo,G,OL,HOU,24
2014,2,34,DeMarcus Lawrence,DE,DL,DAL,78
2014,2,35,Joel Bitonio,G,OL,CLE,75
2014,2,36,Derek Carr,QB,QB,OAK,93
2014,2,37,Ra'Shede Hageman,DT,DL,ATL,8
2014,2,38,Austin Seferian-Jenkins,TE,TE,TAM,9
2014,2,39,Marqise Lee,WR,WR,JAX,17
2014,2,40,Kyle Van Noy,LB,LB,DET,62
2014,2,41,Lamarcus Joyner,DB,DB,STL,26
2014,2,42,Jordan Matthews,WR,WR,PHI,23
2014,2,43,Weston Richburg,OL,OL,NYG,33
2014,2,44,Cyrus Kouandjio,T,OL,BUF,6
2014,2,45,Paul Richardson,WR,WR,SEA,14
2014,2,46,Stephon Tuitt,DE,DL,PIT,38
2014,2,47,Trent Murphy,LB,LB,WAS,33
2014,2,48,Timmy Jernigan,DT,DL,BAL,25
2014,2,49,Jace Amaro,TE,TE,NYJ,4
2014,2,50,Jeremiah Attaochu,LB,LB,SDG,15
2014,2,51,Ego Ferguson,DT,DL,CHI,2
2014,2,52,Troy Niklas,TE,TE,ARI,1
2014,2,53,Davante Adams,WR,WR,GNB,92
2014,2,54,Bishop Sankey,RB,RB,TEN,6
2014,2,55,Jeremy Hill,RB,RB,CIN,21
2014,2,56,Cody Latimer,WR,WR,DEN,6
2014,2,57,Carlos Hyde,RB,RB,SFO,32
2014,2,58,Stanley Jean-Baptiste,DB,DB,NOR,0
2014,2,59,Jack Mewhort,T,OL,IND,22
2014,2,60,Kony Ealy,DE,DL,CAR,12
2014,2,61,Allen Robinson,WR,WR,JAX,48
2014,2,62,Jimmy Garoppolo,QB,QB,NWE,47
2014,2,63,Jarvis Landry,WR,WR,MIA,56
2014,2,64,Justin Britt,T,OL,SEA,41
2014,3,65,C.J. Fiedorowicz,TE,TE,HOU,6
2014,3,66,Morgan Moses,OL,OL,WAS,65
2014,3,67,Billy Turner,T,OL,MIA,35
2014,3,68,Dezmen Southward,DB,DB,ATL,1
2014,3,69,Charles Sims,RB,RB,TAM,13
2014,3,70,Marcus Martin,C,OL,SFO,11
2014,3,71,Christian Kirksey,LB,LB,CLE,40
2014,3,72,Scott Crichton,DE,DL,MIN,2
2014,3,73,Preston Brown,LB,LB,BUF,34
2014,3,74,Jay Bromley,DT,DL,NYG,5
2014,3,75,Tre Mason,RB,RB,STL,8
2014,3,76,Travis Swanson,C,OL,DET,23
2014,3,77,Chris Borland,LB,LB,SFO,6
2014,3,78,Spencer Long,G,OL,WAS,22
2014,3,79,Terrence Brooks,DB,DB,BAL,8
2014,3,80,Dexter McDougle,DB,DB,NYJ,2
2014,3,81,Gabe Jackson,G,OL,OAK,47
2014,3,82,Will Sutton,DT,DL,CHI,8
2014,3,83,Louis Nix,DT,DL,HOU,0
2014,3,84,Kareem Martin,DE,DL,ARI,12
2014,3,85,Khyri Thornton,DT,DL,GNB,3
2014,3,86,Josh Huff,WR,WR,PHI,6
2014,3,87,Phillip Gaines,DB,DB,KAN,10
2014,3,88,Will Clarke,DE,DL,CIN,6
2014,3,89,Chris Watt,G,OL,SDG,5
2014,3,90,Donte Moncrief,WR,WR,IND,18
2014,3,91,John Brown,WR,WR,ARI,36
2014,3,92,Trai Turner,OL,OL,CAR,51
2014,3,93,Brandon Linder,OL,OL,JAX,31
2014,3,94,Terrance West,RB,RB,CLE,11
2014,3,95,Michael Schofield,OL,OL,DEN,38
2014,3,96,Jerick McKinnon,RB,RB,MIN,32
2014,3,97,Dri Archer,WR,WR,PIT,0
2014,3,98,Richard Rodgers,TE,TE,GNB,14
2014,3,99,Crockett Gillmore,TE,TE,BAL,4
2014,3,100,Brandon Thomas,OL,OL,SFO,NA
2014,4,101,Jaylen Watkins,DB,DB,PHI,5
2014,4,102,Bashaud Breeland,DB,DB,WAS,34
2014,4,103,Devonta Freeman,RB,RB,ATL,49
2014,4,104,Jalen Saunders,WR,WR,NYJ,0
2014,4,105,Bryan Stork,C,OL,NWE,11
2014,4,106,Bruce Ellington,WR,WR,SFO,7
2014,4,107,Justin Ellis,DT,DL,OAK,25
2014,4,108,Cassius Marsh,DE,DL,SEA,13
2014,4,109,Ross Cockrell,DB,DB,BUF,20
2014,4,110,Maurice Alexander,DB,DB,STL,11
2014,4,111,Russell Bodine,C,OL,CIN,30
2014,4,112,DaQuan Jones,DT,DL,TEN,60
2014,4,113,Andre Williams,RB,RB,NYG,7
2014,4,114,Aaron Colvin,DB,DB,JAX,16
2014,4,115,Shaquelle Evans,WR,WR,NYJ,NA
2014,4,116,Keith McGill,DB,DB,OAK,4
2014,4,117,Ka'Deem Carey,RB,RB,CHI,3
2014,4,118,Martavis Bryant,WR,WR,PIT,19
2014,4,119,Anthony Hitchens,LB,LB,DAL,41
2014,4,120,Logan Thomas,QB,QB,ARI,15
2014,4,121,Carl Bradford,LB,LB,GNB,0
2014,4,122,Marqueston Huff,DB,DB,TEN,4
2014,4,123,Kevin Norwood,WR,WR,SEA,1
2014,4,124,De'Anthony Thomas,RB,RB,KAN,7
2014,4,125,Walt Aikens,DB,DB,MIA,6
2014,4,126,Khairi Fortt,LB,LB,NOR,0
2014,4,127,Pierre Desir,DB,DB,CLE,18
2014,4,128,Tre Boston,DB,DB,CAR,28
2014,4,129,Dontae Johnson,DB,DB,SFO,15
2014,4,130,James White,RB,RB,NWE,37
2014,4,131,Brock Vereen,DB,DB,CHI,2
2014,4,132,Kevin Pierre-Louis,LB,LB,SEA,15
2014,4,133,Nevin Lawson,DB,DB,DET,22
2014,4,134,Brent Urban,DT,DL,BAL,24
2014,4,135,Tom Savage,QB,QB,HOU,3
2014,4,136,Larry Webster,DE,DL,DET,0
2014,4,137,Dakota Dozier,OL,OL,NYJ,13
2014,4,138,Lorenzo Taliaferro,RB,RB,BAL,3
2014,4,139,Prince Shembo,LB,LB,ATL,2
2014,4,140,Cameron Fleming,T,OL,NWE,30
2014,5,141,Taylor Hart,DE,DL,PHI,1
2014,5,142,Ryan Grant,WR,WR,WAS,10
2014,5,143,Kadeem Edwards,OL,OL,TAM,NA
2014,5,144,Telvin Smith,LB,LB,JAX,42
2014,5,145,David Yankey,OL,OL,MIN,0
2014,5,146,Devin Street,WR,WR,DAL,1
2014,5,147,Ricardo Allen,DB,DB,ATL,25
2014,5,148,Bene Benwikere,DB,DB,CAR,10
2014,5,149,Kevin Pamphile,T,OL,TAM,16
2014,5,150,Aaron Lynch,DE,DL,SFO,14
2014,5,151,Avery Williamson,LB,LB,TEN,38
2014,5,152,Nat Berhe,DB,DB,NYG,3
2014,5,153,Cyril Richardson,G,OL,BUF,2
2014,5,154,Jeremiah George,LB,LB,NYJ,3
2014,5,155,Arthur Lynch,TE,TE,MIA,NA
2014,5,156,Lamin Barrow,LB,LB,DEN,2
2014,5,157,Shaquille Richardson,DB,DB,PIT,NA
2014,5,158,Caraun Reid,DT,DL,DET,9
2014,5,159,Chris Smith,DE,DL,JAX,8
2014,5,160,Ed Stinson,DE,DL,ARI,5
2014,5,161,Corey Linsley,C,OL,GNB,64
2014,5,162,Ed Reynolds,DB,DB,PHI,4
2014,5,163,Aaron Murray,QB,QB,KAN,NA
2014,5,164,A.J. McCarron,QB,QB,CIN,4
2014,5,165,Ryan Carrethers,DT,DL,SDG,3
2014,5,166,Jonathan Newsome,LB,LB,IND,4
2014,5,167,Vinnie Sunseri,DB,DB,NOR,0
2014,5,168,Marquis Spruill,LB,LB,ATL,NA
2014,5,169,Ronald Powell,LB,LB,NOR,1
2014,5,170,Keith Reaser,DB,DB,SFO,2
2014,5,171,Jordan Tripp,LB,LB,MIA,3
2014,5,172,Jimmy Staten,DT,DL,SEA,NA
2014,5,173,Wesley Johnson,OL,OL,PIT,11
2014,5,174,Devon Kennard,DE,DL,NYG,33
2014,5,175,John Urschel,G,OL,BAL,7
2014,5,176,Jared Abbrederis,WR,WR,GNB,1
2014,6,177,Jeoffrey Pagan,DE,DL,HOU,1
2014,6,178,Zach Mettenberger,QB,QB,TEN,1
2014,6,179,Jon Halapio,OL,OL,NWE,10
2014,6,180,Kenneth Acker,DB,DB,SFO,8
2014,6,181,Alfred Blue,RB,RB,HOU,18
2014,6,182,Antone Exum,DB,DB,MIN,6
2014,6,183,David Fales,QB,QB,CHI,1
2014,6,184,Kendall James,DB,DB,MIN,NA
2014,6,185,Robert Herron,WR,WR,TAM,0
2014,6,186,Lache Seastrunk,RB,RB,WAS,NA
2014,6,187,Bennett Jackson,DB,DB,NYG,0
2014,6,188,E.J. Gaines,DB,DB,STL,13
2014,6,189,T.J. Jones,WR,WR,DET,7
2014,6,190,Matt Hazel,WR,WR,MIA,0
2014,6,191,Pat O'Donnell,P,P,CHI,18
2014,6,192,Jordan Zumwalt,LB,LB,PIT,NA
2014,6,193,Zach Fulton,G,OL,KAN,39
2014,6,194,Keith Wenning,QB,QB,BAL,NA
2014,6,195,Brandon Dixon,DB,DB,NYJ,3
2014,6,196,Walt Powell,WR,WR,ARI,1
2014,6,197,Demetri Goodson,DB,DB,GNB,2
2014,6,198,Zach Moore,DE,DL,NWE,3
2014,6,199,Garrett Scott,OL,OL,SEA,NA
2014,6,200,Laurent Duvernay-Tardif,OL,OL,KAN,29
2014,6,201,Marion Grice,RB,RB,SDG,0
2014,6,202,Tavon Rooks,OL,OL,NOR,NA
2014,6,203,Andrew Jackson,LB,LB,IND,1
2014,6,204,Tyler Gaffney,RB,RB,CAR,NA
2014,6,205,Luke Bowanko,C,OL,JAX,9
2014,6,206,Jemea Thomas,DB,DB,NWE,0
2014,6,207,Matt Paradis,OL,OL,DEN,34
2014,6,208,Eric Pinkins,DB,DB,SEA,2
2014,6,209,Quincy Enunwa,WR,WR,NYJ,13
2014,6,210,IK Enemkpali,DT,DL,NYJ,1
2014,6,211,Jay Prosch,FB,RB,HOU,0
2014,6,212,Marquis Flowers,LB,LB,CIN,7
2014,6,213,Tajh Boyd,QB,QB,NYJ,NA
2014,6,214,Garrett Gilbert,QB,QB,STL,2
2014,6,215,Daniel McCullers,DT,DL,PIT,6
2014,7,216,Andre Hal,DB,DB,HOU,17
2014,7,217,Ted Bolser,TE,TE,WAS,NA
2014,7,218,Michael Campanaro,WR,WR,BAL,4
2014,7,219,T.J. Carrie,DB,DB,OAK,22
2014,7,220,Shamar Stephen,DT,DL,MIN,32
2014,7,221,Randell Johnson,LB,LB,BUF,2
2014,7,222,Storm Johnson,RB,RB,JAX,0
2014,7,223,Brandon Watts,LB,LB,MIN,1
2014,7,224,Beau Allen,DT,DL,PHI,13
2014,7,225,Jabari Price,DB,DB,MIN,1
2014,7,226,Mitchell Van Dyk,OL,OL,STL,NA
2014,7,227,Kiero Small,RB,RB,SEA,0
2014,7,228,Zach Hocker,K,K,WAS,0
2014,7,229,Nate Freese,K,K,DET,-1
2014,7,230,Rob Blanchflower,TE,TE,PIT,NA
2014,7,231,Ben Gardner,DE,DL,DAL,NA
2014,7,232,Ulrick John,OL,OL,IND,2
2014,7,233,Trevor Reilly,LB,LB,NYJ,4
2014,7,234,Terrence Fede,DE,DL,MIA,5
2014,7,235,Shelby Harris,DE,DL,OAK,41
2014,7,236,Jeff Janis,WR,WR,GNB,2
2014,7,237,Seantrel Henderson,OL,OL,BUF,14
2014,7,238,Will Smith,LB,LB,DAL,NA
2014,7,239,James Wright,WR,WR,CIN,2
2014,7,240,Tevin Reese,WR,WR,SDG,NA
2014,7,241,C.B. Bryant,DB,DB,STL,1
2014,7,242,Corey Nelson,LB,LB,DEN,8
2014,7,243,Kaleb Ramsey,DE,DL,SFO,NA
2014,7,244,Jeremy Gallon,WR,WR,NWE,NA
2014,7,245,Trey Millard,FB,RB,SFO,NA
2014,7,246,Charles Leno Jr.,T,OL,CHI,53
2014,7,247,Jonathan Dowling,DB,DB,OAK,0
2014,7,248,Ahmad Dixon,DB,DB,DAL,0
2014,7,249,Michael Sam,DE,DL,STL,NA
2014,7,250,Demetrius Rhaney,OL,OL,STL,2
2014,7,251,Ken Bishop,DT,DL,DAL,0
2014,7,252,Lavelle Westbrooks,DB,DB,CIN,NA
2014,7,253,Yawin Smallwood,LB,LB,ATL,NA
2014,7,254,Terrance Mitchell,DB,DB,DAL,20
2014,7,255,Tyler Starr,LB,LB,ATL,0
2014,7,256,Lonnie Ballentine,DB,DB,HOU,0
2015,1,1,Jameis Winston,QB,QB,TAM,63
2015,1,2,Marcus Mariota,QB,QB,TEN,60
2015,1,3,Dante Fowler,OLB,LB,JAX,31
2015,1,4,Amari Cooper,WR,WR,OAK,66
2015,1,5,Brandon Scherff,T,OL,WAS,62
2015,1,6,Leonard Williams,DE,DL,NYJ,78
2015,1,7,Kevin White,WR,WR,CHI,3
2015,1,8,Vic Beasley,OLB,LB,ATL,32
2015,1,9,Ereck Flowers,T,OL,NYG,35
2015,1,10,Todd Gurley,RB,RB,STL,54
2015,1,11,Trae Waynes,CB,DB,MIN,18
2015,1,12,Danny Shelton,NT,DL,CLE,33
2015,1,13,Andrus Peat,T,OL,NOR,53
2015,1,14,DeVante Parker,WR,WR,MIA,36
2015,1,15,Melvin Gordon,RB,RB,SDG,51
2015,1,16,Kevin Johnson,CB,DB,HOU,11
2015,1,17,Arik Armstead,DT,DL,SFO,45
2015,1,18,Marcus Peters,CB,DB,KAN,63
2015,1,19,Cameron Erving,C,OL,CLE,28
2015,1,20,Nelson Agholor,WR,WR,PHI,36
2015,1,21,Cedric Ogbuehi,T,OL,CIN,17
2015,1,22,Bud Dupree,OLB,LB,PIT,46
2015,1,23,Shane Ray,DE,DL,DEN,12
2015,1,24,D.J. Humphries,T,OL,ARI,45
2015,1,25,Shaq Thompson,OLB,LB,CAR,43
2015,1,26,Breshad Perriman,WR,WR,BAL,15
2015,1,27,Byron Jones,CB,DB,DAL,38
2015,1,28,Laken Tomlinson,G,OL,DET,55
2015,1,29,Phillip Dorsett,WR,WR,IND,16
2015,1,30,Damarious Randall,S,DB,GNB,21
2015,1,31,Stephone Anthony,ILB,LB,NOR,10
2015,1,32,Malcom Brown,DT,DL,NWE,43
2015,2,33,Landon Collins,S,DB,NYG,42
2015,2,34,Donovan Smith,T,OL,TAM,57
2015,2,35,Mario Edwards,DT,DL,OAK,25
2015,2,36,T.J. Yeldon,RB,RB,JAX,20
2015,2,37,Devin Smith,WR,WR,NYJ,2
2015,2,38,Preston Smith,DE,DL,WAS,55
2015,2,39,Eddie Goldman,DT,DL,CHI,36
2015,2,40,Dorial Green-Beckham,WR,WR,TEN,7
2015,2,41,Devin Funchess,WR,WR,CAR,20
2015,2,42,Jalen Collins,CB,DB,ATL,4
2015,2,43,Benardrick McKinney,ILB,LB,HOU,44
2015,2,44,Hau'oli Kikaha,OLB,LB,NOR,5
2015,2,45,Eric Kendricks,ILB,LB,MIN,64
2015,2,46,Jaquiski Tartt,S,DB,SFO,21
2015,2,47,Eric Rowe,CB,DB,PHI,21
2015,2,48,Denzel Perryman,ILB,LB,SDG,45
2015,2,49,Mitch Morse,G,OL,KAN,55
2015,2,50,Ronald Darby,CB,DB,BUF,34
2015,2,51,Nate Orchard,DE,DL,CLE,8
2015,2,52,Jordan Phillips,NT,DL,MIA,32
2015,2,53,Jake Fisher,T,OL,CIN,9
2015,2,54,Ameer Abdullah,RB,RB,DET,22
2015,2,55,Maxx Williams,TE,TE,BAL,8
2015,2,56,Senquez Golson,CB,DB,PIT,NA
2015,2,57,Rob Havenstein,T,OL,STL,58
2015,2,58,Markus Golden,DE,DL,ARI,33
2015,2,59,Ty Sambrailo,T,OL,DEN,14
2015,2,60,Randy Gregory,OLB,LB,DAL,15
2015,2,61,Ali Marpet,C,OL,TAM,43
2015,2,62,Quinten Rollins,CB,DB,GNB,7
2015,2,63,Frank Clark,DE,DL,SEA,49
2015,2,64,Jordan Richards,S,DB,NWE,10
2015,3,65,D'Joun Smith,CB,DB,IND,0
2015,3,66,Jeremiah Poutasi,G,OL,TEN,3
2015,3,67,A.J. Cann,G,OL,JAX,39
2015,3,68,Clive Walford,TE,TE,OAK,7
2015,3,69,Tyler Lockett,WR,WR,SEA,68
2015,3,70,Jaelen Strong,WR,WR,HOU,2
2015,3,71,Hroniss Grasu,C,OL,CHI,8
2015,3,72,Jamon Brown,T,OL,STL,21
2015,3,73,Tevin Coleman,RB,RB,ATL,33
2015,3,74,Owamagbe Odighizuwa,DE,DL,NYG,1
2015,3,75,Garrett Grayson,QB,QB,NOR,NA
2015,3,76,Chris Conley,WR,WR,KAN,23
2015,3,77,Duke Johnson,RB,RB,CLE,28
2015,3,78,P.J. Williams,CB,DB,NOR,19
2015,3,79,Eli Harold,OLB,LB,SFO,11
2015,3,80,Alex Carter,CB,DB,DET,0
2015,3,81,John Miller,G,OL,BUF,31
2015,3,82,Lorenzo Mauldin,OLB,LB,NYJ,4
2015,3,83,Craig Mager,CB,DB,SDG,4
2015,3,84,Jordan Hicks,OLB,LB,PHI,53
2015,3,85,Tyler Kroft,TE,TE,CIN,9
2015,3,86,David Johnson,RB,RB,ARI,42
2015,3,87,Sammie Coates,WR,WR,PIT,4
2015,3,88,Danielle Hunter,DE,DL,MIN,84
2015,3,89,Sean Mannion,QB,QB,STL,2
2015,3,90,Carl Davis,DT,DL,BAL,13
2015,3,91,Chaz Green,T,OL,DAL,7
2015,3,92,Jeff Heuerman,TE,TE,DEN,5
2015,3,93,Henry Anderson,DE,DL,IND,21
2015,3,94,Ty Montgomery,WR,WR,GNB,17
2015,3,95,Matt Jones,RB,RB,WAS,9
2015,3,96,Xavier Cooper,DT,DL,CLE,4
2015,3,97,Geneo Grissom,DE,DL,NWE,3
2015,3,98,Steven Nelson,CB,DB,KAN,36
2015,3,99,Paul Dawson,ILB,LB,CIN,1
2015,4,100,Angelo Blackson,DT,DL,TEN,23
2015,4,101,Trey Flowers,DE,DL,NWE,34
2015,4,102,Daryl Williams,G,OL,CAR,39
2015,4,103,Bryce Petty,QB,QB,NYJ,4
2015,4,104,James Sample,S,DB,JAX,1
2015,4,105,Jamison Crowder,WR,WR,WAS,33
2015,4,106,Jeremy Langford,RB,RB,CHI,7
2015,4,107,Justin Hardy,WR,WR,ATL,8
2015,4,108,Jalston Fowler,FB,RB,TEN,0
2015,4,109,Clayton Geathers,S,DB,IND,13
2015,4,110,T.J. Clemmings,T,OL,MIN,15
2015,4,111,Tre' Jackson,G,OL,NWE,6
2015,4,112,Arie Kouandjio,G,OL,WAS,4
2015,4,113,Gabe Wright,DT,DL,DET,1
2015,4,114,Jamil Douglas,G,OL,MIA,7
2015,4,115,Ibraheim Campbell,S,DB,CLE,6
2015,4,116,Rodney Gunter,DT,DL,ARI,18
2015,4,117,Blake Bell,TE,TE,SFO,5
2015,4,118,Ramik Wilson,ILB,LB,KAN,14
2015,4,119,Andrew Donnal,T,OL,STL,4
2015,4,120,Josh Shaw,CB,DB,CIN,7
2015,4,121,Doran Grant,CB,DB,PIT,0
2015,4,122,Za'Darius Smith,DE,DL,BAL,57
2015,4,123,Vince Mayle,WR,WR,CLE,0
2015,4,124,Kwon Alexander,OLB,LB,TAM,43
2015,4,125,Javorius Allen,RB,RB,BAL,14
2015,4,126,Mike Davis,RB,RB,SFO,20
2015,4,127,Damien Wilson,ILB,LB,DAL,31
2015,4,128,Jon Feliciano,G,OL,OAK,26
2015,4,129,Jake Ryan,OLB,LB,GNB,14
2015,4,130,Terry Poole,G,OL,SEA,NA
2015,4,131,Shaq Mason,C,OL,NWE,54
2015,4,132,DeAndre Smelter,WR,WR,SFO,0
2015,4,133,Max Garcia,C,OL,DEN,26
2015,4,134,Mark Glowinski,G,OL,SEA,41
2015,4,135,Marcus Hardison,DE,DL,CIN,NA
2015,4,136,Tray Walker,CB,DB,BAL,0
2015,5,137,Grady Jarrett,NT,DL,ATL,57
2015,5,138,David Cobb,RB,RB,TEN,1
2015,5,139,Rashad Greene,WR,WR,JAX,2
2015,5,140,Ben Heeney,ILB,LB,OAK,3
2015,5,141,Martrell Spaight,OLB,LB,WAS,6
2015,5,142,Adrian Amos,S,DB,CHI,38
2015,5,143,MyCole Pruitt,TE,TE,MIN,7
2015,5,144,Mykkele Thompson,S,DB,NYG,0
2015,5,145,Bobby McCain,CB,DB,MIA,28
2015,5,146,Stefon Diggs,WR,WR,MIN,90
2015,5,147,Brett Hundley,QB,QB,GNB,5
2015,5,148,Davis Tull,OLB,LB,NOR,NA
2015,5,149,Jay Ajayi,RB,RB,MIA,19
2015,5,150,Cedric Thompson,S,DB,MIA,NA
2015,5,151,David Parry,NT,DL,IND,13
2015,5,152,Jarvis Harrison,G,OL,NYJ,NA
2015,5,153,Kyle Emanuel,OLB,LB,SDG,16
2015,5,154,Tyeler Davison,DT,DL,NOR,31
2015,5,155,Karlos Williams,RB,RB,BUF,4
2015,5,156,Tony Lippett,WR,WR,MIA,6
2015,5,157,C.J. Uzomah,TE,TE,CIN,14
2015,5,158,Shaquille Riddick,DE,DL,ARI,NA
2015,5,159,JJ Nelson,WR,WR,ARI,12
2015,5,160,Jesse James,TE,TE,PIT,12
2015,5,161,Neiron Ball,OLB,LB,OAK,1
2015,5,162,Kenny Bell,WR,WR,TAM,NA
2015,5,163,Ryan Russell,DE,DL,DAL,4
2015,5,164,Lorenzo Doss,CB,DB,DEN,0
2015,5,165,Bradley Pinion,P,P,SFO,15
2015,5,166,Joe Cardona,LS,LS,NWE,8
2015,5,167,Damian Swann,CB,DB,NOR,1
2015,5,168,Michael Burton,FB,RB,DET,1
2015,5,169,David Mayo,LB,LB,CAR,18
2015,5,170,Tye Smith,CB,DB,SEA,3
2015,5,171,Nick Boyle,TE,TE,BAL,9
2015,5,172,D.J. Alexander,OLB,LB,KAN,7
2015,5,173,James O'Shaughnessy,TE,TE,KAN,7
2015,5,174,Cameron Artis-Payne,RB,RB,CAR,5
2015,5,175,Keith Mumphery,WR,WR,HOU,2
2015,5,176,Robert Myers,G,OL,BAL,NA
2015,6,177,Deiontrez Mount,OLB,LB,TEN,1
2015,6,178,Matthew Wells,LB,LB,NWE,NA
2015,6,179,Max Valles,OLB,LB,OAK,NA
2015,6,180,Michael Bennett,DT,DL,JAX,1
2015,6,181,Kyshoen Jarrett,S,DB,WAS,3
2015,6,182,Tevin Mitchel,CB,DB,WAS,NA
2015,6,183,Tayo Fabuluje,T,OL,CHI,0
2015,6,184,Kaelin Clay,WR,WR,TAM,3
2015,6,185,Tyrus Thompson,T,OL,MIN,NA
2015,6,186,Geremy Davis,WR,WR,NYG,0
2015,6,187,Evan Spencer,WR,WR,WAS,0
2015,6,188,Tony Steward,OLB,LB,BUF,1
2015,6,189,Charles Gaines,CB,DB,CLE,1
2015,6,190,Ian Silberman,G,OL,SFO,0
2015,6,191,JaCorey Shepherd,CB,DB,PHI,1
2015,6,192,Darius Philon,DT,DL,SDG,14
2015,6,193,B.J. Dubose,DE,DL,MIN,NA
2015,6,194,Nick O'Leary,TE,TE,BUF,6
2015,6,195,Malcolm Johnson,TE,TE,CLE,0
2015,6,196,Randall Evans,CB,DB,PHI,0
2015,6,197,Derron Smith,S,DB,CIN,3
2015,6,198,Randall Telfer,TE,TE,CLE,0
2015,6,199,Leterrius Walton,DT,DL,PIT,4
2015,6,200,Quandre Diggs,CB,DB,DET,43
2015,6,201,Bud Sasser,WR,WR,STL,NA
2015,6,202,A.J. Derby,TE,TE,NWE,3
2015,6,203,Darius Kilgo,NT,DL,DEN,3
2015,6,204,Darren Waller,WR,WR,BAL,33
2015,6,205,Josh Robinson,RB,RB,IND,0
2015,6,206,Aaron Ripkowski,FB,RB,GNB,2
2015,6,207,Amarlo Herrera,ILB,LB,IND,0
2015,6,208,Andy Gallik,C,OL,TEN,4
2015,6,209,Obum Gwacham,DE,DL,SEA,1
2015,6,210,Christian Ringo,DE,DL,GNB,5
2015,6,211,Reshard Cliett,OLB,LB,HOU,NA
2015,6,212,Anthony Chickillo,DE,DL,PIT,10
2015,6,213,Kennard Backman,TE,TE,GNB,0
2015,6,214,Kristjan Sokoli,DT,DL,SEA,0
2015,6,215,Cody Wichmann,G,OL,STL,6
2015,6,216,Christian Covington,DT,DL,HOU,20
2015,6,217,Rakeem Nunez-Roches,DT,DL,KAN,31
2015,7,218,Anthony Morris,OL,OL,OAK,NA
2015,7,219,Hayes Pullard,ILB,LB,CLE,9
2015,7,220,Neal Sterling,WR,WR,JAX,2
2015,7,221,Andre Debose,WR,WR,OAK,NA
2015,7,222,Austin Reiter,C,OL,WAS,20
2015,7,223,Deon Simon,NT,DL,NYJ,2
2015,7,224,Bryce Hager,ILB,LB,STL,7
2015,7,225,Jake Rodgers,T,OL,ATL,1
2015,7,226,Bobby Hart,G,OL,NYG,30
2015,7,227,Martin Ifedi,DE,DL,STL,NA
2015,7,228,Austin Shepherd,T,OL,MIN,1
2015,7,229,Ben Koyack,TE,TE,JAX,1
2015,7,230,Marcus Murphy,RB,RB,NOR,2
2015,7,231,Joey Iosefa,FB,RB,TAM,0
2015,7,232,Edmond Robinson,OLB,LB,MIN,3
2015,7,233,Da'Ron Brown,WR,WR,KAN,NA
2015,7,234,Dezmin Lewis,WR,WR,BUF,0
2015,7,235,Kenny Hilliard,RB,RB,HOU,NA
2015,7,236,Mark Nzeocha,OLB,LB,DAL,5
2015,7,237,Brian Mihalik,DE,DL,PHI,5
2015,7,238,Mario Alford,WR,WR,CIN,0
2015,7,239,Gerod Holliman,S,DB,PIT,NA
2015,7,240,Corey Robinson,T,OL,DET,7
2015,7,241,Ifo Ekpre-Olomu,CB,DB,CLE,NA
2015,7,242,Dexter McDonald,CB,DB,OAK,2
2015,7,243,Laurence Gibson,T,OL,DAL,NA
2015,7,244,Trent Brown,G,OL,SFO,42
2015,7,245,Tre McBride,WR,WR,TEN,1
2015,7,246,Geoff Swaim,TE,TE,DAL,6
2015,7,247,Darryl Roberts,CB,DB,NWE,13
2015,7,248,Ryan Murphy,DB,DB,SEA,0
2015,7,249,Akeem King,DB,DB,ATL,3
2015,7,250,Trevor Siemian,QB,QB,DEN,16
2015,7,251,Taurean Nixon,DB,DB,DEN,0
2015,7,252,Josh Furman,DB,DB,DEN,NA
2015,7,253,Xzavier Dickson,OLB,LB,NWE,NA
2015,7,254,Rory Anderson,TE,TE,SFO,NA
2015,7,255,Denzelle Good,T,OL,IND,21
2015,7,256,Gerald Christian,TE,TE,ARI,0
2016,1,1,Jared Goff,QB,QB,LAR,106
2016,1,2,Carson Wentz,QB,QB,PHI,63
2016,1,3,Joey Bosa,DE,DL,SDG,62
2016,1,4,Ezekiel Elliott,RB,RB,DAL,68
2016,1,5,Jalen Ramsey,CB,DB,JAX,84
2016,1,6,Ronnie Stanley,T,OL,BAL,64
2016,1,7,DeForest Buckner,DE,DL,SFO,76
2016,1,8,Jack Conklin,T,OL,TEN,56
2016,1,9,Leonard Floyd,OLB,LB,CHI,63
2016,1,10,Eli Apple,CB,DB,NYG,28
2016,1,11,Vernon Hargreaves III,CB,DB,TAM,18
2016,1,12,Sheldon Rankins,DT,DL,NOR,41
2016,1,13,Laremy Tunsil,T,OL,MIA,60
2016,1,14,Karl Joseph,S,DB,OAK,16
2016,1,15,Corey Coleman,WR,WR,CLE,6
2016,1,16,Taylor Decker,T,OL,DET,59
2016,1,17,Keanu Neal,S,DB,ATL,25
2016,1,18,Ryan Kelly,C,OL,IND,56
2016,1,19,Shaq Lawson,DE,DL,BUF,24
2016,1,20,Darron Lee,OLB,LB,NYJ,19
2016,1,21,Will Fuller,WR,WR,HOU,24
2016,1,22,Josh Doctson,WR,WR,WAS,9
2016,1,23,Laquon Treadwell,WR,WR,MIN,8
2016,1,24,William Jackson III,CB,DB,CIN,19
2016,1,25,Artie Burns,CB,DB,PIT,17
2016,1,26,Paxton Lynch,QB,QB,DEN,2
2016,1,27,Kenny Clark,DT,DL,GNB,63
2016,1,28,Joshua Garnett,G,OL,SFO,5
2016,1,29,Robert Nkemdiche,DT,DL,ARI,6
2016,1,30,Vernon Butler,DT,DL,CAR,13
2016,1,31,Germain Ifedi,G,OL,SEA,38
2016,2,32,Emmanuel Ogbah,DE,DL,CLE,43
2016,2,33,Kevin Dodd,DE,DL,TEN,2
2016,2,34,Jaylon Smith,OLB,LB,DAL,37
2016,2,35,Hunter Henry,TE,TE,SDG,37
2016,2,36,Myles Jack,OLB,LB,JAX,42
2016,2,37,Chris Jones,DT,DL,KAN,96
2016,2,38,Xavien Howard,CB,DB,MIA,58
2016,2,39,Noah Spence,DE,DL,TAM,5
2016,2,40,Sterling Shepard,WR,WR,NYG,32
2016,2,41,Reggie Ragland,ILB,LB,BUF,22
2016,2,42,Kamalei Correa,DE,DL,BAL,11
2016,2,43,Austin Johnson,NT,DL,TEN,29
2016,2,44,Jihad Ward,DE,DL,OAK,25
2016,2,45,Derrick Henry,RB,RB,TEN,85
2016,2,46,A'Shawn Robinson,DT,DL,DET,40
2016,2,47,Michael Thomas,WR,WR,NOR,60
2016,2,48,Jason Spriggs,T,OL,GNB,9
2016,2,49,Jarran Reed,DT,DL,SEA,48
2016,2,50,Nick Martin,G,OL,HOU,29
2016,2,51,Christian Hackenberg,QB,QB,NYJ,NA
2016,2,52,Deion Jones,OLB,LB,ATL,43
2016,2,53,Su'a Cravens,OLB,LB,WAS,5
2016,2,54,Mackensie Alexander,CB,DB,MIN,12
2016,2,55,Tyler Boyd,WR,WR,CIN,48
2016,2,56,Cody Whitehair,G,OL,CHI,43
2016,2,57,T.J. Green,S,DB,IND,6
2016,2,58,Sean Davis,CB,DB,PIT,18
2016,2,59,Roberto Aguayo,K,K,TAM,0
2016,2,60,Cyrus Jones,CB,DB,NWE,4
2016,2,61,Vonn Bell,S,DB,NOR,37
2016,2,62,James Bradberry,CB,DB,CAR,46
2016,2,63,Adam Gotsis,DT,DL,DEN,28
2016,3,64,Kevin Byard,S,DB,TEN,67
2016,3,65,Carl Nassib,DE,DL,CLE,20
2016,3,66,Max Tuerk,C,OL,SDG,0
2016,3,67,Maliek Collins,DT,DL,DAL,51
2016,3,68,Will Redmond,CB,DB,SFO,3
2016,3,69,Yannick Ngakoue,DE,DL,JAX,50
2016,3,70,Bronson Kaufusi,DE,DL,BAL,2
2016,3,71,Darian Thompson,S,DB,NYG,12
2016,3,72,Jonathan Bullard,DT,DL,CHI,28
2016,3,73,Kenyan Drake,RB,RB,MIA,33
2016,3,74,KeiVarae Russell,CB,DB,KAN,2
2016,3,75,Shilique Calhoun,DE,DL,OAK,5
2016,3,76,Shon Coleman,T,OL,CLE,6
2016,3,77,Daryl Worley,CB,DB,CAR,22
2016,3,78,Joe Thuney,G,OL,NWE,84
2016,3,79,Isaac Seumalo,G,OL,PHI,39
2016,3,80,Adolphus Washington,DT,DL,BUF,9
2016,3,81,Austin Hooper,TE,TE,ATL,33
2016,3,82,Le'Raven Clark,T,OL,IND,12
2016,3,83,Jordan Jenkins,OLB,LB,NYJ,29
2016,3,84,Kendall Fuller,CB,DB,WAS,34
2016,3,85,Braxton Miller,WR,WR,HOU,2
2016,3,86,Leonte Carroo,WR,WR,MIA,2
2016,3,87,Nick Vigil,ILB,LB,CIN,27
2016,3,88,Kyler Fackrell,OLB,LB,GNB,16
2016,3,89,Javon Hargrave,DT,DL,PIT,59
2016,3,90,C.J. Prosise,RB,RB,SEA,5
2016,3,91,Jacoby Brissett,QB,QB,NWE,42
2016,3,92,Brandon Williams,CB,DB,ARI,4
2016,3,93,Cody Kessler,QB,QB,CLE,5
2016,3,94,Nick Vannett,TE,TE,SEA,7
2016,3,95,Graham Glasgow,C,OL,DET,48
2016,3,96,Vincent Valentine,DT,DL,NWE,2
2016,3,97,Rees Odhiambo,G,OL,SEA,4
2016,3,98,Justin Simmons,S,DB,DEN,60
2016,4,99,Joe Schobert,OLB,LB,CLE,37
2016,4,100,Connor Cook,QB,QB,OAK,0
2016,4,101,Charles Tapper,DE,DL,DAL,0
2016,4,102,Joshua Perry,ILB,LB,SDG,1
2016,4,103,Sheldon Day,DT,DL,JAX,9
2016,4,104,Tavon Young,CB,DB,BAL,14
2016,4,105,Parker Ehinger,G,OL,KAN,4
2016,4,106,Eric Murray,CB,DB,KAN,25
2016,4,107,Chris Moore,WR,WR,BAL,14
2016,4,108,Ryan Smith,CB,DB,TAM,8
2016,4,109,B.J. Goodson,OLB,LB,NYG,20
2016,4,110,Tyler Higbee,TE,TE,LAR,31
2016,4,111,Miles Killebrew,S,DB,DET,18
2016,4,112,Malcolm Mitchell,WR,WR,NWE,4
2016,4,113,Nick Kwiatkoski,ILB,LB,CHI,20
2016,4,114,Ricardo Louis,WR,WR,CLE,3
2016,4,115,De'Vondre Campbell,OLB,LB,ATL,51
2016,4,116,Hassan Ridgeway,DT,DL,IND,13
2016,4,117,Pharoh Cooper,WR,WR,LAR,6
2016,4,118,Juston Burris,CB,DB,NYJ,14
2016,4,119,Tyler Ervin,RB,RB,HOU,2
2016,4,120,David Onyemata,DT,DL,NOR,48
2016,4,121,Willie Beavers,T,OL,MIN,0
2016,4,122,Andrew Billings,NT,DL,CIN,33
2016,4,123,Jerald Hawkins,T,OL,PIT,2
2016,4,124,Deon Bush,S,DB,CHI,8
2016,4,125,Antonio Morrison,ILB,LB,IND,13
2016,4,126,Demarcus Robinson,WR,WR,KAN,27
2016,4,127,Deiondre' Hall,CB,DB,CHI,2
2016,4,128,Evan Boehm,C,OL,ARI,12
2016,4,129,Derrick Kindred,S,DB,CLE,8
2016,4,130,Alex Lewis,T,OL,BAL,14
2016,4,131,Blake Martinez,LB,LB,GNB,38
2016,4,132,Willie Henry,DT,DL,BAL,4
2016,4,133,Rashard Robinson,CB,DB,SFO,9
2016,4,134,Kenneth Dixon,RB,RB,BAL,5
2016,4,135,Dak Prescott,QB,QB,DAL,104
2016,4,136,Devontae Booker,RB,RB,DEN,19
2016,4,137,Dean Lowry,DE,DL,GNB,38
2016,4,138,Seth Devalve,TE,TE,CLE,6
2016,4,139,Cardale Jones,QB,QB,BUF,0
2016,5,140,Tajae Sharpe,WR,WR,TEN,12
2016,5,141,Zack Sanchez,CB,DB,CAR,1
2016,5,142,Ronald Blair,DE,DL,SFO,7
2016,5,143,DeAndre Washington,RB,RB,OAK,12
2016,5,144,Connor McGovern,G,OL,DEN,29
2016,5,145,John Theus,T,OL,SFO,1
2016,5,146,Matt Judon,DE,DL,BAL,63
2016,5,147,Quinton Jefferson,DT,DL,SEA,29
2016,5,148,Caleb Benenoch,T,OL,TAM,12
2016,5,149,Paul Perkins,RB,RB,NYG,5
2016,5,150,Jordan Howard,RB,RB,CHI,27
2016,5,151,Joe Dahl,G,OL,DET,11
2016,5,152,Matthew Ioannidis,DT,DL,WAS,25
2016,5,153,Wendell Smallwood,RB,RB,PHI,10
2016,5,154,Jordan Payton,WR,WR,CLE,0
2016,5,155,Joe Haeg,T,OL,IND,22
2016,5,156,Jonathan Williams,RB,RB,BUF,5
2016,5,157,LeShaun Sims,CB,DB,TEN,11
2016,5,158,Brandon Shell,T,OL,NYJ,29
2016,5,159,K.J. Dillon,S,DB,HOU,0
2016,5,160,Kentrell Brothers,OLB,LB,MIN,4
2016,5,161,Christian Westerman,G,OL,CIN,2
2016,5,162,Kevin Hogan,QB,QB,KAN,2
2016,5,163,Trevor Davis,WR,WR,GNB,2
2016,5,164,Halapoulivaati Vaitai,T,OL,PHI,25
2016,5,165,Tyreek Hill,WR,WR,KAN,98
2016,5,166,D.J. Reader,NT,DL,HOU,47
2016,5,167,Marqui Christian,S,DB,ARI,6
2016,5,168,Spencer Drango,G,OL,CLE,8
2016,5,169,Antwione Williams,LB,LB,DET,2
2016,5,170,Cole Toner,T,OL,ARI,2
2016,5,171,Alex Collins,RB,RB,SEA,17
2016,5,172,Rashard Higgins,WR,WR,CLE,13
2016,5,173,Trey Caldwell,DB,DB,CLE,0
2016,5,174,Fahn Cooper,T,OL,SFO,NA
2016,5,175,Jatavis Brown,OLB,LB,SDG,14
2016,6,176,Andy Janovich,FB,RB,DEN,2
2016,6,177,Temarrick Hemingway,TE,TE,LAR,0
2016,6,178,D.J. White,CB,DB,KAN,1
2016,6,179,Drew Kaser,P,P,SDG,5
2016,6,180,Moritz Boehringer,WR,WR,MIN,NA
2016,6,181,Tyrone Holmes,OLB,LB,JAX,1
2016,6,182,Keenan Reynolds,RB,RB,BAL,0
2016,6,183,Devante Bond,OLB,LB,TAM,4
2016,6,184,Jerell Adams,TE,TE,NYG,2
2016,6,185,DeAndre Houston-Carson,S,DB,CHI,11
2016,6,186,Jakeem Grant,WR,WR,MIA,14
2016,6,187,Nate Sudfeld,QB,QB,WAS,1
2016,6,188,David Morgan,TE,TE,MIN,1
2016,6,189,Anthony Brown,CB,DB,DAL,23
2016,6,190,Josh Forrest,ILB,LB,LAR,2
2016,6,191,Jake Rudock,QB,QB,DET,0
2016,6,192,Kolby Listenbee,WR,WR,BUF,NA
2016,6,193,Sebastian Tretola,G,OL,TEN,0
2016,6,194,Cory James,OLB,LB,OAK,7
2016,6,195,Wes Schweitzer,G,OL,ATL,27
2016,6,196,Blake Countess,CB,DB,PHI,3
2016,6,197,Danny Vitale,FB,RB,TAM,1
2016,6,198,Derek Watt,FB,RB,SDG,1
2016,6,199,Cody Core,WR,WR,CIN,3
2016,6,200,Kyle Murphy,T,OL,GNB,2
2016,6,201,Brandon Allen,QB,QB,JAX,5
2016,6,202,Anthony Zettel,DT,DL,DET,9
2016,6,203,Dadi Nicolas,DE,DL,KAN,1
2016,6,204,Jordan Lucas,S,DB,MIA,4
2016,6,205,Harlan Miller,CB,DB,ARI,2
2016,6,206,Mike Thomas,WR,WR,LAR,2
2016,6,207,Jeff Driskel,QB,QB,SFO,7
2016,6,208,Kamu Grugier-Hill,OLB,LB,NWE,24
2016,6,209,Maurice Canady,CB,DB,BAL,3
2016,6,210,Jimmy Landes,LS,LS,DET,NA
2016,6,211,Kelvin Taylor,RB,RB,SFO,NA
2016,6,212,Kavon Frazier,S,DB,DAL,4
2016,6,213,Aaron Burbridge,WR,WR,SFO,1
2016,6,214,Elandon Roberts,ILB,LB,NWE,52
2016,6,215,Joey Hunt,C,OL,SEA,7
2016,6,216,Darius Jackson,RB,RB,DAL,0
2016,6,217,Rico Gathers,TE,TE,DAL,0
2016,6,218,Kevon Seymour,CB,DB,BUF,6
2016,6,219,Will Parks,S,DB,DEN,11
2016,6,220,Travis Feeney,OLB,LB,PIT,NA
2016,6,221,Ted Karras,G,OL,NWE,48
2016,7,222,Aaron Wallace,OLB,LB,TEN,1
2016,7,223,Brandon Doughty,QB,QB,MIA,NA
2016,7,224,Donavon Clark,G,OL,SDG,NA
2016,7,225,Devin Lucien,WR,WR,NWE,NA
2016,7,226,Jonathan Woodard,DE,DL,JAX,1
2016,7,227,Stephen Weatherly,OLB,LB,MIN,12
2016,7,228,Riley Dixon,P,P,DEN,18
2016,7,229,Demarcus Ayers,WR,WR,PIT,0
2016,7,230,Daniel Braverman,WR,WR,CHI,0
2016,7,231,Thomas Duarte,TE,TE,MIA,0
2016,7,232,Steven Daniels,ILB,LB,WAS,NA
2016,7,233,Jalen Mills,S,DB,PHI,31
2016,7,234,Vadal Alexander,G,OL,OAK,6
2016,7,235,Lac Edwards,P,P,NYJ,10
2016,7,236,Dwayne Washington,RB,RB,DET,4
2016,7,237,Daniel Lasco,RB,RB,NOR,0
2016,7,238,Devin Fuller,WR,WR,ATL,NA
2016,7,239,Trevor Bates,LB,LB,IND,1
2016,7,240,Alex McCalister,DE,DL,PHI,NA
2016,7,241,Charone Peake,WR,WR,NYJ,1
2016,7,242,Keith Marshall,RB,RB,WAS,NA
2016,7,243,Kenny Lawler,WR,WR,SEA,NA
2016,7,244,Jayron Kearse,S,DB,MIN,18
2016,7,245,Clayton Fejedelem,S,DB,CIN,8
2016,7,246,Tyler Matakevich,OLB,LB,PIT,9
2016,7,247,Zac Brooks,RB,RB,SEA,NA
2016,7,248,Austin Blythe,C,OL,IND,33
2016,7,249,Prince Charles Iworah,CB,DB,SFO,0
2016,7,250,Scooby Wright III,ILB,LB,CLE,1
2016,7,251,Joe Walker,ILB,LB,PHI,8
2016,7,252,Beau Sandland,TE,TE,CAR,NA
2016,7,253,Kalan Reed,CB,DB,TEN,0
